00000010 00000000 00000000 00000000 10000000 00000000 00000000 00000000 00101001 00000000 00000000 00000000 10110010 00000000 00000000 00000000 00001001 00000000 00000000 00000000 00000000 00000000 00000000 00001000 01000000 00000000 00000000 00000000 00000000 00000001 00100100 10010000 00000000 00000000 00000000 00011110 00000000 10100000 00000000 00000000 00000000 00001000 00000000 00000000 00000000 00000000 00000000 00000010 00001001 00000000 00000000 00000000 00000000 00000000 00000000 00000000 00000000 00000011 00000000 00100010 10010001 00000000 00000000 00000000 
00000001 00000000 00000000 01001000 00000000 00000000 00000000 00000000 00000000 00000000 00000000 00000000 00000000 00000000 00000000 00000000 00000000 10010000 00000000 00000000 00000000 00000000 00000000 01000000 00000000 00000000 00000000 00000000 00000000 00000010 00000000 00000000 00000000 01001010 00000000 00000100 00000000 00000000 00000000 00000000 00000000 00000000 00000000 00000000 00000000 01010000 00010000 00001000 00000000 00000000 00000000 00000000 00000000 10000111 10001000 00000000 00000000 00000000 00001010 00000000 00000000 00000000 00000000 01100010 
00000000 00000000 00000000 00000000 00000000 00000000 00000000 00000000 00000000 00000000 00000000 00000000 00000000 00000000 00000000 00010010 00000000 00000000 00000000 00010000 00000000 00000000 00000000 00000000 00111000 00000000 10010000 00010000 00000000 00000000 00000000 00000000 01000000 00000000 00000000 00000000 00000000 00000000 00000000 00000000 00000000 01100100 00000000 00000000 00000000 00000001 00000000 00000000 10000001 00000000 00000000 00000000 00000000 00000100 00000000 00000000 10000001 00000100 00000000 00000000 00000000 00000000 00000000 00000000 
00000000 00100000 00010000 00000000 00000000 10000001 00010100 01000000 00000000 10000010 00000000 01000000 00000000 00000000 00000000 00000000 00000000 00001000 00000000 00001111 01101000 00000000 10100010 00000000 00100001 00000000 00000000 00000000 00000000 00000000 00000000 00000000 00000000 00000000 00000000 00101000 00000000 00000000 00000000 00000100 10000001 00000000 00000000 00000000 00000000 00000000 00000110 00000000 00000000 00000000 00000000 00010000 00000000 00000000 00000000 00000000 00000000 00000000 00101100 00000000 00000000 11000010 00000000 10010010 
00001010 00000000 00000000 00000000 00000000 00100000 00000000 00000000 00000000 00100100 00000000 00000000 00000000 10000000 00000000 00000000 00000000 00100001 00000000 00000000 00000000 00000000 00000000 00000000 00000000 00000000 00000000 00000000 00000000 00001000 00010000 00000000 00000000 00000000 00000000 00000000 00001000 00000000 10100000 00000000 00000000 00000000 00000000 00000000 00000000 00000000 00100000 00000000 00000000 00000000 10110100 00000000 00000000 00000000 00000000 00000000 00000000 00000000 00000000 00000000 00000000 00001000 00000000 00000000 
00000001 00000000 00000000 00000000 00000000 00011000 00000000 01110100 00000000 00000000 00000000 00000000 10000000 00000000 00110010 00000000 00000010 00000000 00000000 00000000 00000000 00000000 00000010 00011000 00000000 10110000 00000000 00000000 00000000 10100100 10110000 00000000 00000000 00000000 00000000 00000000 00000000 00000000 00100000 00000000 00000000 00000000 00000000 00000000 00000000 00000000 00000000 00000000 00000000 00000000 10001110 00000001 00000100 00000000 00000000 00000000 00000000 00000010 00000000 00000000 00000000 00000000 00000000 00000000 
00000000 00000000 00000101 00000000 00000000 00000000 00000000 00000000 00000000 00000000 00000000 01000000 00000000 00000000 00100000 00000000 10100010 10001010 00000000 10110000 01000000 00000000 00000000 00000000 00000010 00000000 00000000 01100001 00000000 00000000 00000000 00000101 10000000 00000000 00000000 00000000 00000000 00000000 00000000 00000000 00000000 00100011 00000000 00000000 00100010 00010000 00000000 10100000 00000000 00000000 10010001 00000000 00000001 00010000 00000000 00000100 01000010 00100000 00000000 00000000 00000000 00000100 00000000 00010000 
00000000 00000000 11000000 00000000 00000000 00000000 00010000 00110000 11001100 00000000 00000000 00001101 00000010 00000000 10000000 00000000 00000000 10000101 00000000 00001000 00000000 00000000 00000000 00000000 01000110 00000000 00000000 00000000 01110011 00001001 00000000 00000000 00000000 00000000 01000010 00100100 00000000 00000000 00000000 10010001 00000000 00000000 00000000 01000000 00000000 00100000 00000000 00000000 00000011 00000000 00000000 00000000 00000000 00000000 00000000 00000000 00000001 00000000 00000000 00000000 00000100 00000000 00000000 00000000 
00000000 00000010 00000010 00000000 00000000 01001001 00000000 00000000 00000000 00000000 00000000 01000000 00000000 00000000 00000000 00000000 00000000 00000000 00000000 00000000 00000000 00000000 10000000 10001101 10001000 00000000 00000000 00000000 00100000 00000000 00010000 00000001 01110011 00000000 00000000 01000010 00000000 00010101 00000000 00000000 00101100 00000000 00000000 10000000 00000110 10000000 10010100 00000000 00000000 00000000 10010100 00000000 00000000 00010000 00000000 00000000 00000000 01000000 00001000 00000000 10000000 00010000 00000000 00000000 
00000000 00000000 00100101 10001100 00000100 00000000 00000000 00000000 00000010 00000000 00000000 00000000 00000000 00000000 00001110 01000000 00000000 00000000 00000000 10000000 00010010 00000000 01100001 00000000 00110001 00000000 00000000 00000000 00000000 10000001 00001000 00000000 00000000 00000000 00000000 00111000 00000000 00000000 00000000 00000000 00000000 00010000 01000010 00000000 00000000 00000000 00010000 00000000 00000000 00000000 00000000 00000000 10000010 00000000 00000000 00000000 00000000 00000000 00000000 00000000 00000000 00000000 00000000 00000000 
00100010 10010000 00000000 00000000 00101010 00000000 01000100 00010001 00000000 00000000 00000000 00000000 00000100 00000000 00000110 00100100 00001000 00000000 00000000 00000000 00000000 00000000 00000000 00000000 00000000 10000001 00000000 00000000 00000000 00000000 00000000 00000000 00000000 00101100 10100000 00000000 01000110 00000000 00100000 00000010 00000000 00000000 00000000 00000000 00000000 00000000 00000000 01001000 00100000 00100000 00000000 00000000 00000000 00000000 00000000 00010000 00001000 00000010 01100000 00000001 00000000 00000000 00000000 00000000 
01000000 00000000 01001001 00000000 00000000 00000000 00000000 00000000 00000000 00000000 00100101 00000000 00000010 00000000 00000000 00010000 00000000 00000000 00000000 00000000 00000000 00000000 00000000 00000000 00000000 00000000 00000000 00000000 00000000 00110011 00000000 00000000 00000000 00000000 00000000 00010000 00000000 00000000 10000001 00000000 00000000 00000000 00000000 00000000 00000000 00000000 00000000 00001100 00000000 00000000 10000000 00000000 00000000 00000001 00001000 00000000 00000000 00000000 00000000 00000000 00000000 00000000 00010000 00000000 
00000000 00000000 00000000 00000000 00000000 00000000 00000000 00000000 00000000 00000000 00001000 00000000 00000000 00000000 00000000 00000000 00000000 00100000 00000000 00000000 00000000 00000000 00000000 00000000 00000000 10000000 00000000 00000000 01001010 00000100 00000000 00000000 00000000 00000000 00011000 00000000 00001000 00000010 00000000 10000000 00000000 00000000 00000000 00000000 00000000 00000000 00000000 00000011 00000000 00000000 00000110 00000000 00000000 00000000 00000000 00000000 00000000 00000000 00000000 10010110 00000000 00000000 00010110 01010011 
00000000 00001000 00000000 00000000 00000000 11000000 00100000 00010110 00000000 00000000 00000000 00000000 00100000 00000000 00000000 00000000 00000000 00000000 00000000 00000000 10010010 00000000 00000000 00000000 00000000 00000000 00101000 00000000 00000000 01000000 00000000 00000000 00000000 00000000 00000000 00000000 00000000 00000000 00000000 00000000 00000000 00010000 00000000 00000000 00000000 00000000 00000010 00000000 00000000 01000001 00000000 00011000 00000000 00000000 00000100 00000000 10000011 00000000 00100011 00000000 00000000 00000000 00000000 00000000 
00000000 00000000 11100000 00000000 11001000 00000000 00000000 00000000 00000000 00000000 00000000 00000000 00000010 00000000 00101000 00000000 00000000 00000000 00000000 00000000 00000000 00000000 00000010 00010000 00000000 00000000 00000000 00000010 00000000 00000000 00000000 00000000 00000000 10010010 00000000 10001000 00000000 00100010 00000001 00011000 00000000 00000000 00000000 10000000 00000010 00000000 00000000 00000000 00000000 00000000 00000000 11100001 00000000 00000000 00000000 00000000 00000000 00000000 01100000 00000000 00000110 00000000 00000000 00000000 
00000000 00000000 00000000 00000000 00000001 01000000 00000000 00000000 00000000 00000000 00000000 00000000 00000000 00000000 00100000 00000000 00000000 01000000 01000010 00000000 00000000 00000000 00000000 00000000 00010000 00000000 00000000 00000000 00000000 00010010 00000000 00000000 00100000 00000000 00000000 10010000 00000000 00000000 10000101 00000000 00000000 00000000 00000000 00000000 00000000 00000000 00000000 00000000 00000000 10110000 10000001 00100000 00000000 00000000 00000000 00000000 00000000 00000000 00000000 00000000 00000000 00000000 00000000 00000000 
00000000 00000000 00000000 00000000 00000000 00000000 01100000 01100000 10000000 00000100 00000000 00000000 00000000 01100000 00000000 00000000 00000000 00000000 00100001 00000000 00000000 00000000 00000000 00000000 00000000 00010000 00000000 00100000 00010000 00000000 00000000 00000000 00000000 00000000 00011000 00000000 00000000 00000000 10010000 00100000 00000000 00000000 00000000 01000000 00100000 00000000 00000000 00000000 01000001 00000000 00000000 00000000 00110100 00000000 00010000 10001000 00000000 00000000 00000000 00000000 00000000 00000000 10100000 00000000 
00100000 00000000 00000000 00000000 00000000 00100000 00000001 00000000 00000000 00010000 00011110 00000000 00000000 00000000 00000000 00001000 00001011 01000000 00000000 01000000 10000000 00000000 00001000 00000000 00000000 00000100 00000000 00000000 10110000 00000000 00000000 00000000 10000100 00000000 00000000 00000000 00000000 00000000 00001011 01000100 00000000 00000010 00000000 00000000 00000000 00000000 00001100 00010010 00000000 00000000 00000000 00000000 00100000 00000000 00000000 00000000 00010000 00000000 00000000 01001010 00000000 00000000 00000000 00000000 
00000000 00000000 00000000 00000000 00000000 00000000 00000000 00000000 00000000 00010000 00000000 00000000 00000000 10000010 00000000 00010010 00000000 00000100 00000000 00000000 00000000 00000000 00000000 00000000 10010000 00000000 00000000 00000000 00000000 00000000 00000000 00000010 00000000 00000000 00000000 00000011 00000000 00000000 00000010 00000000 00000000 00000010 00000000 00000000 00000000 01000000 00000000 00000000 00000001 00000000 01000100 10110000 00000000 00000000 01000000 00000000 00000000 00000011 00000000 00000000 00000000 00000000 00000000 00000000 
10000000 00010000 00000000 00000000 00000000 00000000 00000000 00000000 00000000 00000000 00000000 00000000 00000000 00000000 00000000 00000000 00000000 00000000 10000100 00000000 00000000 00000000 00000000 00000000 00000000 00000000 00000111 00000000 00000000 00000000 00000000 00000000 10100000 00010000 00000000 00000000 10000000 00000001 00000000 00100010 00000000 00000000 00000000 00100100 00000000 00000000 00000000 00000000 00000000 01000000 00000000 00000000 00000000 00000000 00000000 00000000 00000000 00010000 00000000 00000000 00000000 00000000 00000000 00101000 
00000000 00000000 00000000 00000000 00000000 00000000 00000000 00000000 00000000 00000000 00000000 00000000 00000000 00000000 00000000 00100000 00001100 00000000 00000000 00000000 00000000 00000000 00000000 00100010 00001001 11001000 00000000 10000000 00000000 00000000 00000000 00000000 10111000 00000000 01100000 00100000 00000000 00000000 00000000 00001100 00000000 00000000 10000010 00000000 00000000 00000000 00000000 00010010 10000001 00000000 00000000 00000000 00000000 00000000 00000000 00000000 00000000 00000000 00000000 10010000 00000000 01100000 00000000 00000001 
00000000 00000000 00000000 00000000 01000001 00001000 10000000 00000000 00000000 00000000 00000000 10000000 00000011 01001000 00000000 00000001 00000000 00000000 00001000 00000000 00000000 00000000 00000000 00000000 00000000 00100000 00000000 00000000 00000000 00000000 00000000 00000000 00000000 00000000 00000000 10000000 00000000 00000000 00101000 00000000 00000000 00000000 00000000 00110111 00000000 00000000 00000000 00000000 00000000 00000000 10000000 00000000 01000000 00001000 10000011 00000000 00000000 00000000 00000000 00100000 00010100 00000000 00000010 00000000 
00000000 00000000 00000000 00000000 00000000 00000000 10000001 00000100 00000001 00000000 00001000 00000000 00000000 00010000 00000000 00011011 00000000 00000000 00000000 00000000 10000000 00000000 00000000 00000000 00000000 00000000 00000000 00000000 00000000 00100000 10000101 00001000 00000000 10000100 00000000 00000000 00000000 00100100 00000000 00000000 00000000 00000000 00000000 00000000 00000000 10110100 00000011 00000000 00000000 00000001 00000000 00000000 00000000 00000000 00000000 00000000 00010100 00000000 00000000 00000000 00000010 00010001 00000000 00011100 
00000000 00000000 00000000 00000011 00000000 00000000 00000000 00000000 00000000 01010010 00000000 00000000 00001000 00000000 00000000 00000000 10000000 00000001 00000000 00000000 00010000 00000000 10000100 00000000 00000000 00000000 00110000 00000100 00000000 00000000 00000000 11000100 00000000 00000000 00000000 01000010 00000000 00000000 00000010 00000000 00000000 00000000 00010000 00100000 00000000 10000000 00000000 00000000 00000000 01000010 00000011 00000100 00000000 00000000 00000000 00000000 00000000 00001000 00000000 00000000 00000000 00000000 00000000 01000000 
00001000 00000000 01010101 01000000 00000000 00000000 00000000 10000000 00000000 00000000 00000000 00000000 00000000 00000000 10000001 00000000 00000000 00000000 00000000 00000000 00000000 00000000 00100000 00000000 00000000 00000000 00010001 00000001 00000000 00000000 00000000 00000000 00000000 00000000 00101010 00000000 00001000 00000000 00001000 00000000 01000001 00000000 00000000 00000000 11010000 00010001 00100000 00000000 00000000 00000000 00000000 00000000 00010000 10000100 00000000 00000000 10000110 00101011 00000001 00001001 11010001 00000000 00000001 00000000 
00000000 00000000 00010010 10000010 00000000 00100100 00000000 00000000 00000000 00000000 00000000 10000000 00000000 00000000 00000000 00000000 00000000 00000000 00000000 00000000 00000000 00000000 00000010 00000010 00000000 00001000 00000000 00000000 00000000 00000000 00000000 00000000 00000000 00000000 00101000 00000000 00000000 01000000 00000000 00000000 00000000 00100000 00000000 10100100 00000000 00000000 00000000 00000000 00000000 00000000 00000000 00000000 00000000 00010001 10000001 00000000 01001000 00000000 00000000 00000110 00001000 00000000 00000000 01110100 
00000000 11000000 00000000 00000001 00000000 00110000 00100111 00000000 00000000 00000000 00000000 00010000 00000000 10000001 00010000 00001100 00000000 00000100 00000000 00000000 00010000 00000000 00000000 00000000 00000000 00000000 00000000 00001000 00100000 00000000 00000000 00000000 00000000 00000000 00000000 00001000 00000000 00000000 00000000 00000000 00000000 00000000 00000000 00000000 00000000 00000000 00000000 00000000 00000000 00000010 00000000 00000001 00000000 00000000 00000000 00000010 00000000 00000000 00000000 00000000 00000010 00000000 00100000 00010000 
00000110 00000000 00000000 00000000 00000000 00000000 00001000 00000000 00000000 00001000 00000000 00000000 11001000 00000000 00000000 11010000 01000000 00000000 10000000 00001000 00000000 00000000 00000000 00000000 00000000 00011000 00000000 00000000 01000001 00000000 00010000 01010000 00000000 00000000 00000000 00000100 00000000 00000000 00000000 00000000 00000000 00000000 00000010 00100000 00000000 00000000 00000000 11100100 00000000 00000101 00000000 00100000 00000000 00000000 01100000 00000000 00000000 10001000 00000000 00000101 10100001 00000000 00000000 00000000 
00000000 01110101 00001001 00000000 00000000 00000000 00000000 11000000 00000000 00000000 00000000 00000000 00000000 00000000 00000000 00000000 00000010 00000000 00000000 00000000 00000000 00000000 00000000 00100000 00000000 10000000 00000000 00000000 00000000 01000000 00000000 00000000 00010000 00000000 00000000 00000000 00000001 00000000 00000000 00000000 00000000 01000000 00000000 10000001 01000000 00000000 00000000 00001000 00000000 00000000 00000000 00000000 01000100 00000000 00100000 00000000 10010000 10000000 00000010 00001000 00001000 00000000 10000010 10100100 
00000000 00000000 00001011 00000000 00111101 00000000 01010100 00000000 00000000 00000000 00001010 00010100 00000000 00000000 00000000 00000000 00011011 01001000 00000000 00000000 00000000 00000000 00000000 00000000 00000000 00000000 00010101 00000000 00000000 00000000 00000000 00000000 00000000 00000000 10001000 00000100 00000000 00000000 00000000 00000000 00000000 00000000 00000000 00100000 00000000 00000000 00000000 00000000 00000000 00000000 00000000 00000000 01101000 00000000 00001000 00000000 00000000 00010000 00000000 00000000 00000000 00000000 00000001 00000000 
00000000 00000000 00000000 00000101 00000000 00000101 00001101 00000001 00000000 00000000 01000000 00010100 01000000 00000101 00000000 00000000 00000000 00000000 00000000 00000000 00000000 00000000 00000000 00000000 00000000 00000000 00000000 00000001 00000000 00000000 00000000 00001010 00011000 00000000 00000000 00000000 00000000 00000000 00000001 00000000 10000010 00000000 00000000 11010000 00000000 10000001 00000000 00000000 00000000 00101011 00000000 00000000 00000000 00010000 00000000 00000000 10100000 00000000 00000101 00000000 10110000 00000000 00000010 10001011 
00000000 10001000 00000000 00000000 00000000 00000000 01001000 00000000 00000000 00000000 00000000 00000000 00000100 00100000 00010000 10010010 00000000 00000000 00000000 00000000 00000000 00000000 00000000 00000000 00000000 00000000 00000000 00110100 00000000 00000101 00010010 00000100 00000000 00110000 00000000 00000000 00000000 00001000 01000111 00000000 00000010 00000000 00101101 00000000 10000000 00000000 00100010 00000000 00000000 00001000 01000000 00101101 00000000 00000000 10000000 11000001 00000000 00000000 00000000 01000001 00001000 01000010 01011010 00000000 
00000000 00000000 00000000 00000000 00000000 00001000 00011000 00000000 00000000 00000000 00000000 00000100 00000000 00000000 00001000 00000000 00000000 00100000 00000000 00000000 00000000 00000000 00001000 00000000 00000000 00000000 00000000 00001001 10000000 00000000 00100000 10010100 00000000 00000000 00000000 00000000 00000000 00000000 00000000 00000000 00001000 00000000 00000000 00001010 00000000 00000000 00100010 10100000 00110100 00000000 10000000 00000000 01100001 00000100 00010000 00000000 00000000 01000010 11001010 00000000 00000000 00000000 00100100 00000000 
00000000 00000000 00000000 00000000 00000001 00000000 00000000 00001000 10010011 00000000 00000000 00000000 00000000 00000000 00000000 00000000 00000000 00000000 00000000 00000110 00010000 00000000 00000000 00000000 00000000 00000000 00000000 00000000 00000000 00000000 00000000 01000000 00000000 01000000 00100000 00000000 10000000 00101001 00100001 00000000 00000000 00000000 00000000 00000000 00000000 00000000 00000001 00000000 00011100 00000000 00000001 00000000 00000000 00001110 00000000 00000000 00000000 00000000 00000000 00000000 10000000 00000000 00000000 00101000 
00000000 00000000 00000000 01110000 00000000 00000000 00000000 00010000 00000000 00000000 00000000 10111100 00000000 00000000 00000000 00010000 00101101 00001001 00000000 00000000 00000100 00000000 00000000 10000000 00000000 00000000 00000000 00000000 00000000 00000000 10000000 00000000 00000000 00000010 00000000 10000000 00000100 00001000 11001000 00000000 00010001 00100000 00000000 00000000 00000000 00000000 10100000 00000000 00000000 00000000 00000000 00000000 00000000 00000000 00000000 00000000 00000000 00000000 00000000 00000000 00000010 00000000 00000000 01000000 
00000000 00000000 00000000 01000000 00011010 00000000 00000000 00000000 10001100 00000000 10001010 00000000 00000000 00000000 00000000 00000000 00000000 00000000 00100010 01000001 00000000 00000000 01000100 00001000 00000000 01000001 00000000 01100010 00100000 00000000 00000000 00000001 00000000 00000000 00000000 00001010 00001100 00000000 00000000 00100100 00000000 00000000 00000000 00000000 00000000 00000000 10010100 01000000 00000000 00000000 10000000 11010101 00010000 00110001 00010000 00000000 00000000 00000000 01010111 00000000 00001000 00100101 00000000 00000000 
00000000 00000000 10000001 00000000 00000000 00000000 00000000 00000001 00000000 00000000 00000000 00000000 00000000 00000000 00010000 00010000 00000000 00101000 00000000 00000000 00000000 00000000 00000000 00100000 00000000 00000000 00000000 00000000 00000100 00000000 00000100 00000000 00000000 00000000 00000000 00000000 00000000 00000000 00100000 00001001 00000000 00000000 00101000 00000000 00000000 00000000 00001100 00000000 00000000 00000000 00010100 00000000 00000000 00000000 00000000 00001000 00001011 00100000 00000000 00000000 00000010 00000000 00000000 00000000 
00000000 00000000 00000000 00000000 00000000 00000010 00000000 00000100 00000000 00000000 00000000 00000000 00000001 00000000 00000000 00000000 00000000 00100010 00000000 00000000 00000000 00000000 10000000 00000000 00001000 01000000 00000000 00000000 00001000 00000000 10000000 00000000 00000000 00000000 00000100 00000000 00000000 00000000 00000000 00000000 00100010 00000000 10010001 00000000 00000000 10111000 00000000 00000000 00000000 00000000 10000101 00000000 00000000 00000000 00000000 01000100 00000000 00000000 00000000 00001000 00000000 00000000 00000000 01110000 
01000110 00011000 00000000 00000101 00000001 00000000 00110000 00000010 00100000 00001000 00000000 00000000 00000000 00100010 00000000 00000000 00000000 00010100 10000100 00000100 00000000 00000000 00100000 00000000 00000000 00000101 00000000 00000000 00000000 01100010 00000000 00000000 00001000 00000000 00000000 00000000 00000100 00000100 00000000 00000000 00000000 00001010 00100000 00001000 00000000 00000000 00000000 00000000 00000000 00000000 00010001 00000000 01000000 00000000 00000000 00000000 00000000 00000000 00000000 00000000 00000000 10001000 00000000 00000000 
00100000 00000000 00010100 00000000 00000000 01000010 00000000 00000000 00000000 00000000 00000000 00000000 01100000 00000000 00000000 00000000 01100010 00000100 00010000 00000000 00100000 00000000 00000000 01001000 00000000 00000000 00000000 00001001 00000000 00000000 00000001 00100000 00000000 00000000 00000000 00000000 00000000 00000000 00000000 00000001 00100001 00000000 00000000 00000000 00000000 00000000 00000000 00000000 01000100 10010000 00000010 00100000 00000000 11100000 00000000 00000000 00000001 00000000 01010000 00000000 00000101 00000000 00000000 00000000 
00100000 00000000 00000000 00000000 00000000 11010001 00000000 00000000 00000000 00000000 00001011 00000000 00000000 00000000 00000000 00000000 00001000 00000000 00000000 00000000 00000000 00000000 00000000 00000000 00000000 00000000 00000000 10000101 00000001 00000000 00000000 00000000 01000100 00000000 00000000 00000000 00000000 00100000 00000000 00000000 00000000 00000000 00000000 00000000 00010000 00000000 00001000 00000100 00000000 10000000 10001000 00000000 00000000 00000000 00000000 10000001 00000000 00000000 00000000 00100000 00000000 00000000 10000111 00000000 
00010100 00000000 01000010 00000000 00100000 00000000 00000000 00000000 00000000 00000000 00000000 00000000 00000000 00000000 01010000 00000000 00000000 10000000 00000000 00000000 00000000 00000000 00000000 00000000 00000000 00000000 00000000 00000000 00001010 00000000 00000000 10001100 00001000 00000001 00101000 00000000 00000000 00000000 00000000 00000000 00000000 00000000 10010100 00000100 10100000 00000000 00000000 00000000 00000000 00000000 00000000 00010010 00000000 00000000 00000000 00000000 00000000 00000000 00000001 00000011 00000000 00000010 00000000 00000110 
01010000 10100000 00000000 00000000 00000000 00100000 00000000 00000000 10000000 00000000 00000000 00000000 00000000 00000000 00000000 00000100 00000000 00000000 00000000 00000000 00000000 00000000 00000000 00000000 10010000 11000000 00000000 00000000 00000000 00100000 00100000 00000000 00010001 00010000 00000000 00000001 00000000 00000000 00000010 00000000 00000100 00000000 00000000 00000000 00000000 01100000 01000000 00000000 00000000 11001000 00000000 00000000 00000000 00001010 01000100 00000000 00000010 00000000 00000000 00000000 00000000 00000000 00111000 00000000 
00000000 00100000 00000000 00001000 00000000 00000000 01001100 00000000 00101001 11010000 01101000 10001010 00001100 00000000 00000000 00000000 00000000 00001000 00000000 00000000 00000000 00000000 00001010 00001000 00000000 00000000 00000000 01100000 00000000 00000000 00000000 01000000 00110010 00000000 00000000 00000000 00001100 00010000 00000000 00000010 00000000 00000100 00000000 00000010 00000100 00000000 00000000 00000000 00000000 00000000 00000000 00000000 00100100 00000000 10000000 00000000 00000000 00100001 10000010 01100111 00000000 01100001 00010001 00000000 
00000000 00000000 00000000 00000000 00000000 00000000 00000000 00001000 00000000 00000000 00000000 00000000 00000000 10100000 00000000 00100000 00100000 00000000 10000000 01100000 10001000 00000000 00000000 00000000 00000000 00000000 01100100 00010101 10000000 00000000 00000000 00000000 00000000 01100010 00000000 00000000 00000000 00100000 00100000 00000000 00000000 00001111 00001001 00000000 00000000 00000000 00000000 00000000 00000000 00000000 00000000 00000000 00000000 00000000 00000000 00000000 00000000 00000000 00000000 00000000 00000000 00000000 00000000 00010011 
00000000 00000010 00000000 00000000 01011000 00000000 00000000 00000000 00000000 00000000 00000000 00000000 01000000 00101000 00000000 00000000 00000000 00000000 00000001 00100001 00000000 00000000 00000000 00000000 00000000 00000000 00001010 00000000 01110000 00000000 00000000 00000000 11000000 00000010 00001000 00001001 00000000 00000000 00000000 00000000 00000000 00000000 00000000 10100100 00000000 00000000 00000000 10010100 00000000 00000000 00100100 00100000 00000000 00000000 00001000 00000000 00010000 00000000 00000000 01000000 00000000 00000100 00000000 00000000 
00000001 10000100 01000010 00000000 00000000 00000000 00010000 00000000 00000000 00000000 00000000 00000100 00100100 01010111 00000000 00000000 00001000 00000000 00001101 00000000 00000000 00000000 00000000 00000000 00000000 00000000 00000000 00000000 00000000 11100101 00000000 00000000 00000000 01010110 00000000 00000000 00000000 00000000 00000000 00000000 00010000 00010000 00000000 00010100 10000000 00000000 00000000 00000000 00000100 00000000 00000000 01000001 00000000 00001010 00001000 10100000 01000100 00000000 01000010 00000000 00000000 00000000 00000000 00000000 
00000000 00000000 00011000 01111001 00000000 01010110 00000100 00000000 00000000 00000000 01000000 00000000 01011000 00000000 00000000 00010000 00000000 00000000 00000111 00000000 00000000 00000000 00000000 00000000 00000000 00000000 00000000 00000000 00000000 00000000 00000000 01000000 00000100 00000000 10000000 00000000 00000000 00000000 01000000 00010000 10000000 00000000 00000000 10000000 00000000 00000000 01100000 10000000 00000000 00001000 00000000 00000000 00000000 00000000 00000000 00000000 00000000 00000000 00000000 00000000 00000000 00000000 00000000 00000000 
00000000 10100010 00010000 00000000 00000000 00110100 00000000 00000000 00000000 00000000 00000000 00000000 00000000 10110000 00000000 00000000 00000000 00000000 00001100 00000000 00000000 00000000 00010000 01000000 00100110 00000000 00000000 00000000 00000000 00000000 00000000 00000000 00000001 00000000 00001000 00000000 10010000 00000000 00000100 00000000 00000000 00001010 01101010 00001110 00000000 00001111 00000000 00000000 00000000 00000000 00000001 00000000 01001100 00010011 10000100 01000000 00000000 00000000 10000000 00000000 00000010 00000000 00000000 00000000 
00000000 00000000 00010001 00000000 10011110 01100010 00000000 00000000 00000000 00000000 00010001 00000000 00000000 00000000 00000000 00000000 00000000 00100000 00000000 01010000 00000000 00000000 00101010 00100011 00000000 00000000 00101000 00100000 00000000 00000000 00001000 01000001 00000000 10000000 00000000 00000000 00010011 00000000 00011010 00000000 00000000 00000000 00000000 00000000 00000000 00000000 00010000 00000000 00000000 00000000 00000100 00000000 01001000 00000000 00000000 00000000 00000000 00000000 00001000 00000000 00000000 00000000 00000000 00000001 
00000100 00000010 00000000 00000000 00000000 00000000 00000001 01000010 00000000 00000100 00000000 00000100 00000000 00000000 00000000 00000000 00000000 00000000 10100000 00000000 00000000 00000000 00000000 00000000 00000010 00000000 00110000 00000000 00000000 00000000 00000000 00000000 00100000 00000010 00000000 00000100 10001000 00000000 00000000 00000000 00000111 00000000 00000000 00000000 00000000 00000000 11000100 00000000 00000000 00000000 00000000 00100011 00000000 00000000 00000100 00000000 00000000 00000100 00000100 11100100 00000000 00100000 00000000 01001000 
00000000 00000000 00000000 00000000 00000000 00000000 00000000 00000010 00000000 00000000 00000000 00000000 00000000 00000000 00000000 00000000 00000000 10010010 00000000 00000000 01000000 00000000 00000000 00000000 00010110 00000000 01000000 00000000 00000000 01000000 01001000 00000000 00000000 00100100 00000001 00000000 00000000 00000000 00000000 01000011 00000000 00000000 00000000 01000000 00000000 00000000 00000000 00000000 00000000 00000000 00000101 00100000 00000000 00110000 01010100 00000000 00000000 00000000 00000001 00000000 00000000 00000000 10001100 00100001 
00000000 00000000 00001110 10001010 00000000 00000000 00000000 10000100 00000000 00000000 00010000 00000000 00000000 01000001 00000000 00000000 00000001 00000000 00000001 00000000 00000000 00001000 01001000 00000000 00100000 00000000 00000000 00000000 00000000 00000000 00000000 00010000 00000000 00101001 00000000 00101010 00000000 00000000 00110000 11001010 00000000 10000001 00000000 00000000 00000000 00000000 00000000 11100000 00000000 00000000 00000000 00000000 00000000 00000000 00000000 00000000 00000000 00000000 00000000 00110010 00000000 00000000 00000000 00000010 
00000000 00000010 00000000 00000000 00000000 00000000 00000000 00000000 00000000 00000000 00000000 00000000 00110000 01100001 00000000 00000000 00000000 00000000 00000000 10001000 00000000 00000100 00000010 00000000 00000000 00000000 00000000 00000000 00010000 00000010 00000000 00011000 00000000 00000000 00000000 00000000 00000000 10110111 01000010 00000000 00001000 00000000 00000000 00000000 00100000 00000000 01000101 00000000 00000000 00000000 10100101 00000000 00010000 00000000 10000000 00100001 00000000 00000010 00000000 00001101 00010000 00000000 00000000 00000000 
00000000 00000000 00000000 00010000 01000000 00001010 00000000 00000000 00000010 00000000 00000000 00000000 00000000 00000000 00000000 00100000 00000000 00011000 00010000 00000000 00000000 00000000 00000000 00000000 00000010 00000000 00000000 01010000 00000000 00000000 00000001 00000100 00000000 00001100 01100110 00000000 00000000 00000000 00000000 00000000 01000001 00000000 00000010 00000101 00000000 00000100 00000000 00000000 00000000 00000000 00000000 00000000 00000000 00100000 00100000 00000000 00000000 00000000 00000000 00000000 00000000 00000000 00000000 10100001 
00000000 00000000 00000000 00000000 00000000 00000000 00000000 00000000 00000000 10000000 00000000 00000000 01000100 00000000 00000000 00000000 00000000 00000000 10000100 00000000 00010000 00000000 00000000 00000000 00010000 00000000 00000000 00000000 10000010 00000010 00010001 00000000 00000000 00000000 00000000 00000000 00000000 00000000 00000000 00010000 00000000 00000000 00000000 10011011 00000000 00000000 00000000 00000000 00000000 00000000 00000000 00000000 10000000 00000100 00000000 00100000 00000010 00000000 00000000 00000000 00010010 00000000 00100000 00000000 
00000000 00000001 00000000 00100100 00000000 00000000 00000000 00000000 00000000 00000000 00000000 00000000 00000000 00000000 00001000 00000000 00000000 01110010 00000000 00000000 01000000 00000000 00000000 00000000 00000000 00000000 00000000 11010000 00000000 00000000 00000000 00000000 00000000 00000000 00000000 10000001 10001000 00000000 00000000 00000000 00000000 00001000 00000000 00000000 00000000 00010000 00000000 00000000 00000001 00000000 00000000 00000000 00000000 01001010 10001010 00010000 10000000 00000101 00000000 00000000 00000010 01100000 00000000 00101000 
00000001 00000000 00100010 10100101 00000000 00000000 00100000 01000000 01001101 01000101 00000000 00000001 00000100 00000000 00011000 00000000 00000000 00000000 00000000 00011000 00000000 00000000 00000110 00000000 00000100 00001100 00000000 00000000 00000000 00000000 00000000 00000001 11001000 00000100 00000000 00000000 00000000 00000000 00000000 00000000 10000000 00000000 00000000 00000001 00100000 00000010 00000000 00000000 00000000 00010000 00001010 00000000 00000000 01010100 00000000 00001100 00000000 00000000 00000000 00001000 00000000 00000000 01000001 00000100 
00100000 00000000 00000000 00000000 00000000 00000000 00000000 01000000 00000000 10000000 00000000 00000000 00000000 00000000 00000000 00000000 00000000 00000000 00000000 00000001 00000000 00000000 01001001 00011010 00001100 00000001 00000000 00001000 00100000 00000000 00000011 00000000 00000000 00000000 00000000 00010000 00000000 00000000 00110100 00000000 00000000 00000000 00000000 00000100 10000010 00000000 00010010 00000000 10000000 00000000 00000100 00000000 00000000 00000000 00000000 00000000 00000000 01000001 00000000 10000010 00000000 00000000 00100010 00000000 
00000000 00000000 00000000 00000000 00000000 00010000 00100010 00000000 00000000 00101000 00000000 00000000 00000000 00000000 00000000 00000000 00000000 10000011 00000000 00000000 00000000 00101100 00000000 00000000 00000000 11010110 00000000 00000000 00000000 00010000 00000000 10100000 00000000 00000000 00000000 00000000 00000000 00000000 00000000 00000000 00000000 10000000 00000000 00000000 00000000 00000000 00000000 00000000 01010110 00000000 10000000 00110000 00000000 00000000 00000000 00000000 00000000 00000000 01111000 00000000 01011000 01000100 00000001 00000000 
10000100 00000000 00000000 00000000 00000000 00000000 01000000 00000000 00000000 00000000 00000000 00000000 00000000 01100000 00001000 00000001 00000000 10000000 01000000 00000000 00001000 00000000 00000000 00000000 01000000 00000000 00000000 00000000 00000000 00000000 00000000 00000000 10000000 00000000 00000000 11010000 01010100 00000000 00110000 01000010 00000000 00100010 01000000 01001000 00000000 00100001 01000101 00000000 01000000 01110010 00000000 00100000 00000000 00100100 00000000 01001000 00011000 00000000 00000010 00000000 00000000 00000000 00010001 00000000 
01001111 00000000 00000000 00000000 01000000 00000000 00000100 00011000 10000001 00000000 00001110 00000000 00000000 00000000 00000000 00000000 00000000 00010000 11000000 00000000 00000000 00000000 00000000 00000000 00000000 00000000 00000000 00000000 00100010 00000001 10000011 00000000 10000100 00000000 00000000 00000000 00001000 01000100 00000000 00000000 10000001 00000000 10001001 01011100 00010000 00000000 00000000 00000000 00000001 00000000 00000000 00000000 00000000 00000000 00000000 01001000 00101000 10000000 00000000 00001000 00000000 00000000 00000000 00000000 
00000000 00000000 00000000 00000000 00000000 00000000 00000000 00000000 00000000 00000000 00000000 00000100 00001000 00000000 00011000 00000000 00000100 00000000 00000000 00000000 00000000 00000000 00000000 00000000 00000000 00100011 00010000 10001001 00000000 00000000 00000000 00000000 10110000 00000000 00000000 00000000 00000000 00000010 00010000 01000000 00000000 00000000 10000100 00100001 00000000 00000000 00000000 00000000 00000000 00000000 00000000 00000000 00000000 00001000 00000000 00000000 00000000 00000000 10100010 00000001 00100000 00000000 00011000 00000000 
00000000 00000000 01010000 00000000 00001000 00000000 00000000 00000000 00001000 00000000 00000000 00000000 00000000 00000000 00000000 00000010 00000000 00000000 00000001 00000000 00000000 00000000 00000000 00001000 00000000 00000000 00000000 00000100 11000010 01010010 00001001 00000000 00010100 00000000 01001000 00000000 00000000 00000000 10001001 00000000 10000000 00000000 00000000 00000000 01100000 10001000 00100000 00000000 00000001 00000000 00000000 00000000 00001010 00000000 00101110 00001100 01000001 10000000 00000000 00100000 00000000 00100000 00000000 00000000 
10101001 00000000 00000000 00000000 00001000 00000000 00000000 00000000 00000000 00000000 00100000 00000010 00010100 00000000 00000000 10000001 00000000 00000000 00010000 00000000 00000001 00000000 00000000 00000000 00000000 00000000 00000000 00000000 00000000 00000000 11000000 00000101 00010111 00000010 10100000 00000011 00000000 00000000 00000000 00000000 01001011 00000000 00000000 00000000 00000000 00000000 00000000 00000000 00000000 01001000 00000000 00000000 00000000 00000000 00000000 00000000 00000000 00000000 00000000 00000000 00000000 00000000 00000000 00000000 
00000000 00000000 00000000 00001000 00000000 00000000 00000000 00001000 00000000 00000000 00000000 00000000 00000000 00000000 00000000 00000000 10010001 00000000 10000000 00000000 00000000 11000000 00100100 10000000 00000000 00000000 00000000 00000000 00000011 00000000 00000000 00000000 00000000 00011001 00000000 01000100 00000000 00000000 00000100 00000000 00000000 00000000 00000010 00000000 00000000 00000000 01100111 01000000 00000000 00000000 00000000 00000000 11000000 01000010 01100000 00000000 10001000 00010000 00000000 00000000 00000100 00000000 00000000 00000000 
00000000 00110010 00000000 00000000 10001000 10000100 00000000 00000000 00000000 01000000 00000000 00100000 00000001 00000000 00000000 00000000 00010010 00000000 00000000 00100000 10001000 01000001 00000000 00000000 00000000 00010000 00000000 00000000 00000010 00000000 10000000 00000000 00100001 00000000 00000000 00001000 00000000 00000000 10001100 10000000 00101010 00000000 00000000 00000000 00000000 00000000 00000000 00000100 00000000 00000000 00000000 00000000 00000000 00000000 00000000 00000000 00000000 00000001 00100010 00000000 00000000 00000000 00000010 00000000 
00000000 00000000 00010001 00000000 00000000 00000000 01010100 00010000 00000000 00000000 00000000 00000000 00000000 01011000 00000000 10100000 00000010 00001000 00010001 00000000 00000000 00001000 00000000 00000000 00000000 00000000 00000100 00000000 00000000 00000000 00000000 10010000 00000000 00010001 01000110 00000000 00000000 00000000 00000000 00000000 00000000 00000000 00100000 00000000 00000000 00000000 00100000 00001110 00000000 00000000 00000000 00000000 00000000 00000000 00000000 00010000 00000000 00000000 00000000 00000000 00100000 00100000 00000000 10001001 
00000000 01000100 00000000 00000000 00000000 00000000 00000000 00000000 00000000 00000000 00000000 10000000 00000000 00010101 00000000 00000000 11000111 00000000 00000000 00000000 00000001 00000000 00010101 00000000 00000000 00000000 00000000 00000000 00000000 00000000 01000000 00001000 00000000 00010000 00000000 00000000 10000000 00000100 00000000 00000000 00000000 00000101 00000000 00000000 00000000 00000000 00000000 00000000 00000000 01001010 00010000 00000000 00000000 00000000 00000000 00000000 00000000 00000000 00000000 00000000 00000000 00000000 00000000 00001000 
00100010 00000000 00000000 00000000 01000000 00000000 00001010 00000000 00000000 00000000 00000000 00000000 00100000 00000000 00000000 00100000 11000000 00000000 10010000 00000000 00000000 00010100 00000000 00000000 00000000 00000000 10000000 00000000 00000000 00000000 00000000 00000000 00000000 00000000 11000010 00000000 00000000 00000000 00000000 00000000 00000000 00000000 00000000 00011001 00000000 10000110 00000000 00000000 00000010 00000000 00000000 00000000 00000000 00000000 00000000 10001010 00000000 00000000 00000000 00000000 00000000 00000000 00010000 00000000 
00000000 00001000 00000000 00000000 00111000 00000000 00000000 00000000 00000000 00010000 00000000 00000000 00000000 00000000 00000000 00000000 00000000 00000000 00001000 00000000 00000000 00000000 00000000 00000000 00000000 00000000 00000000 00000000 00000000 00000000 01100000 00000000 00000000 10000000 00000000 00000000 00000000 00000000 00000000 00100001 00000000 00000000 00000000 00000000 00000000 00100001 00000000 00000000 00000000 00000000 00000000 10000000 00010000 00000000 10110101 00000000 00000000 00000000 00000100 00000000 00000000 00110100 00000000 00000000 
00000000 00011001 00000000 00000000 00000000 00100000 00000100 00000100 00000000 00000000 00000000 00000000 00000000 00000000 10000000 00000000 00010000 00000000 10000000 00000000 00000000 00000000 01001000 00001000 00000000 00000000 00010110 00001011 00000000 10010000 00000000 00100000 00000000 01101100 01011001 00000000 00000000 00000000 00000000 00000000 00000000 00000000 00000000 00000000 00000000 00000000 00101000 00000000 00000000 00001000 00000000 11101110 00000000 00000000 00000000 00000000 00000000 00000000 00000000 00000000 00000000 00000000 00000010 00000000 
00000000 10100010 10001000 00000000 10000001 00000000 10100000 00000000 00000000 10000000 00010010 00000000 00000000 00001000 00000000 00000000 00000001 00000000 00000100 00000000 00000000 00000010 00001000 01000000 00000000 00000000 00010000 00000000 00000000 00001000 00001000 01010100 00001001 00000000 00000000 00000000 00011000 00000000 00000000 00000000 00101000 00000000 00000000 01100000 00000000 10000001 00001000 00000000 00000000 00000000 00000000 00000000 00000100 00000000 00000001 00000000 00000100 00000000 00000000 00000000 00000000 00000000 00000000 00000000 
00000000 00000000 00000000 00000100 00000000 00000010 00000000 00000000 00000000 00000000 00000000 00000000 00000000 00000000 00000000 00000000 01011000 00001000 00000000 00000000 00000000 00000000 00000000 00000000 00000000 00000000 00100000 00000000 00000000 00000000 00000000 00000000 00001000 00000000 00000000 01010000 00000000 00000000 00000000 00000000 00000000 00000000 00000000 00000000 00010000 00000000 00000000 00000000 00001000 00000000 00000000 01000000 00000000 00000000 00000000 00000000 00000000 00000000 00010011 00000000 00000000 00000000 00010010 00000000 
00000000 00000000 00000000 00000000 00000000 00000000 00000000 00000010 00000000 00000000 00000000 00000000 00010000 00000000 00010000 00000000 00000000 00000000 00100000 00000000 00000000 00010000 00000000 00000000 00000011 00000000 00000000 00000000 00000000 01000001 00000000 00000000 01000010 00000000 00010000 00000000 00100110 00000000 00000000 00000000 00100000 01010000 00000000 11010000 00000000 10001000 00000000 00000000 00000000 00000101 00000000 00000000 01000000 00000000 00000000 00000000 00000000 00100000 00111000 00000000 00000000 01000000 00000000 00000000 
00000000 00000000 10000010 00100000 00000100 00000000 00000010 00000000 00000000 00000000 00000000 00000000 00000000 00000000 00000000 00000000 00000000 00000000 00000000 00000000 10010100 00100000 00100011 00000110 00000000 00000110 00000000 00000000 00000000 00000000 10011001 00000000 00000111 00000000 00000100 00000000 00000000 10010000 00000000 10010000 00000000 00000000 00000000 00000000 00000000 00010000 00100000 10000010 00000000 00000000 00000000 00000000 00000000 00000000 00000000 00000000 01000010 00000000 00000001 00100000 00000000 00000100 10000011 00000000 
00000000 00001000 00000000 00000000 00000000 00000000 00000000 00001000 00000000 00000000 00000000 00001010 00000000 00000000 00000000 00000000 10000000 10001100 00000000 01100010 00000000 00000000 00110000 00000000 00000000 00000000 00000000 00000000 00000000 10010000 00000000 00000000 00000000 00000000 00000000 00000000 00011001 10000100 00000000 00000100 01000010 00010000 00000000 00000000 00000000 00000000 00000000 11000100 10000000 00010000 00000000 00000000 00000000 00000000 00000000 00000000 00000000 00010001 00010000 00000000 00000000 00000000 00000000 00000010 
00001110 00000000 00000000 00000001 00000000 00000000 01000001 00000000 00000000 00000000 00000000 00000101 00010000 00010000 00000000 00000000 00010010 01000000 10000100 00000000 00000000 00000000 00000000 00000000 00000000 00000000 00000000 00000000 01101000 00000000 00000000 00100000 00000000 00000000 00001000 00000010 00000000 00000000 01000100 00000000 00000000 01100010 00000000 00110100 00000000 10001010 00000000 00000000 00000000 00000000 00000000 00000010 00000010 00000000 00000100 00001000 00000000 00111000 00100000 10001000 00000000 00000000 00000000 00000000 
01000000 00000000 00011000 00000000 00000000 00000000 00000000 00000000 00000000 01000000 00000000 00000000 00010000 00100000 11011000 00000000 00000000 00000000 00000000 00000000 00000000 00100000 00000000 00000000 00000010 00000010 00000000 00000000 00010000 00000000 00000000 00000010 01001000 00000000 10001100 00000000 00000000 00000000 00000000 00000000 00000000 00000000 00000000 00000100 10000000 00100000 00000000 00000010 00000000 00000000 00000000 00000000 00001000 10000001 00000000 00000000 00000000 00000000 00000000 00000000 10100000 01000000 00001000 00000000 
00000000 10000001 00000000 00000000 00000000 00000000 01000101 00000000 00000000 00000000 00000000 00000000 00000000 00000000 00000000 00000000 10000000 00000000 00000100 00000000 01010110 00000000 00000000 00000000 00000000 00000000 00100000 00000000 00000010 00000000 00100000 01000000 01000000 00000000 00000000 00000000 00000000 00000000 01010001 00000000 00000000 00000000 00001100 01000000 10000010 00000000 00000000 00000000 00000000 01000010 00000000 00000000 00000000 00000000 00000000 00000000 01011000 00000000 10000000 01000000 00000000 00000000 00001010 10010110 
00000000 00000000 00000000 00000000 00000000 00000000 00000000 00100001 00000000 00001000 00000000 00000000 00000000 00000000 00000000 00000000 00000000 00000000 00000000 00000100 10000010 00011000 00000000 00000000 00000000 00000000 00000000 00000000 00000000 00000000 00000000 00100000 00100000 00000000 01001000 00000000 00000010 00000000 00000000 00000000 00000000 00000000 00000000 01010010 00011110 00000000 00000001 00000000 00000001 10101000 00100100 00000000 00000100 00000000 00000000 00000000 00000000 00000010 00000000 00000000 00000000 00000000 00000000 00000000 
00000000 00000000 00000000 00010000 00000000 00000000 11011001 00000010 00010000 00000000 00000000 00000000 00000000 00110010 00000000 00000000 00000100 00000000 00000100 00000000 00000000 01000100 00000000 00000000 00000000 00000000 00000000 00000000 00000000 00000000 00000000 00100101 00000000 00000000 00000000 00000000 00000000 00000000 00000000 00001011 00000000 00000000 00000000 00000010 00010011 00000000 00000000 00000000 00010001 00000000 00000000 00000000 00000000 00000000 00000000 00000000 00000000 00001010 00000000 00000000 00000000 00000000 00110000 00000000 
01000101 00000000 00000000 00000000 00000000 00000000 00000000 00000000 00000000 00000000 00000101 00000000 00110001 00000000 00000000 00000000 00000000 00000000 00001100 00101000 00000000 00000000 00000000 00000000 00000000 00000000 01000000 01000000 00000000 00000000 00000010 00000000 10001001 00000000 00000001 00000000 00000000 00000000 01000001 01100000 00000000 10000000 00000000 00000000 01000000 00011010 00001001 00000100 00000000 01000000 00000000 00000000 00000000 00100000 01000000 00000000 00000000 00000000 00000000 00000000 00000000 00000000 00000000 00000000 
00000000 00000101 00010000 00000000 00000000 00001010 00000000 00000000 00000000 00000000 00000000 00000000 00100010 00101000 00110000 01000000 00000000 00000000 00000000 00000000 10100001 00000010 00000000 00000000 00000000 00000000 00000010 00000010 00000000 00000000 00000000 10100100 11000000 00000000 00100111 00000000 00000000 00000000 00000000 00100001 00000000 00000000 10000100 00000000 00000000 00100000 10000100 00000000 00000000 00000000 00000000 00000000 00000000 00000000 00000000 00000000 00000000 10000101 00000000 00000000 00000000 00000000 00000000 11000001 
00000000 00000110 00000000 01000010 00001000 00000000 00000001 00000000 00000000 00000000 00000000 00010100 10000000 00000000 00000000 00000000 00000000 00000000 00000000 00100010 00001000 00000000 00000000 00000000 00000000 10000000 00000000 00000000 00011101 00000000 00010010 00000000 00000000 00000000 00000000 00000000 00000100 00000000 00000000 00000000 00100000 00011000 00110000 00000000 00100001 00000000 10000000 00000000 00000000 00000000 00000000 00000010 01110110 00000000 00100000 00000000 00000000 00001010 00000000 00010000 00000000 00000000 01000010 00000001 
00000000 00000000 00000000 00001000 00000000 00000000 00000000 00000000 00000000 10000010 00000000 00100000 00000000 00000000 00000000 00000000 00000000 00000010 00000000 01000000 00010000 00000000 00000000 00000000 00000000 00000000 00000000 10000100 00000000 01000000 00010001 00000000 00000000 00000000 00000000 00000000 00000000 00000000 00000000 00000000 00000000 00001001 00000000 00110001 00000000 00000010 10010001 00000000 00000000 00000000 00000000 00000000 00000000 00000000 00000000 00000000 00000000 00000000 10001001 00000000 00000000 00000000 00001000 00010010 
00000000 00000000 01000001 00000000 00000000 00000000 00000000 00000000 00000000 00000000 00000000 00000010 00000001 00000000 00000000 00000000 00000000 00000000 00000000 00000000 00000000 00000000 00000000 00000000 00000000 00000100 00010100 00001000 01001000 00000000 00000100 00000000 00000000 01000000 00000001 00000000 01000000 00000000 00000000 00000000 01000001 00000100 00000000 00001000 00000000 00000010 00000000 00000000 00000000 00000000 00000000 00000000 00000000 00000000 00000000 00000000 00000000 00000000 00000000 00000000 00000000 00000000 00000000 00000000 
00000000 01100000 00000000 00000000 00000000 00000000 00000000 10011000 00000000 00000000 00010001 00000000 00000000 00000000 00010000 00000000 00001010 00000000 00000000 00000000 10010001 00000000 00000000 00100000 00000000 00000000 00000000 00000000 00000000 00000000 00000000 00000000 10000010 00000000 00000000 01000000 00000000 00000000 00000000 00000000 00000000 00000000 00000000 10000100 00000000 00000000 00000000 00000000 00000000 00000000 00000000 00000000 00000000 00000000 01000000 00010001 01010000 00000000 00000000 00000001 00000000 00000000 00000000 00000000 
00000000 00000111 00000000 00110000 00000000 10000000 00000000 00000000 00000000 00000000 00000000 00000000 00000000 00000000 00100000 00000000 00000000 00000000 00000000 00000000 00000000 00000000 00000000 00001000 00000000 00000000 00000000 01000000 00000000 00000000 00000000 00000000 00000000 00000000 00000000 00000000 00000000 00000010 00000000 00000000 00000000 00000000 00000000 00000000 00010000 00000000 10000000 00011000 00000000 10001001 00000000 00000000 01010000 00001010 00000000 00000111 00000000 00000100 00000000 00100010 00000000 00100000 00000000 00000000 
00000000 00000000 00000000 01000100 00000000 00000000 00000000 00000000 00000000 00000000 00000000 00000000 00000000 00000000 01000011 00000000 01011100 00000000 00000000 00000000 00000000 00000000 00000000 00000000 00000000 10010000 00000000 00000000 00000000 00000000 00000000 00100000 00000000 00000000 00000000 00000000 00000000 00000000 00000000 00000000 00000000 00000000 00000000 00100000 00000000 00000000 00000000 00000000 11000100 00010010 00001000 00000000 00000000 00000000 00000000 00000000 00001001 00000000 00000000 11011000 00000000 00000000 00000110 00000000 
00000000 00000000 11001000 00000000 00000000 00000000 00000000 10000000 00000000 00000000 00000000 00000000 00000000 00000000 00000000 00000000 00000000 00000000 00100000 00000000 00000000 00000000 00010000 00000000 00000000 00110000 00100000 00100001 00000000 00001010 00000000 11001000 00000000 00000000 00000000 00000000 00000000 00000000 01000000 00010000 11000000 10000001 00000000 00000000 00010100 00000000 01000000 10001100 00000000 00000000 00000000 01101001 00000001 00000000 00000000 00011000 00011000 00000010 00000000 00000000 00000000 00000000 00000011 00000000 
00010000 00000010 00000000 00001000 00000000 00000000 00000000 00001001 00000000 00000000 00010000 00010001 00000000 00000000 00000000 00000000 00000000 00000000 00000000 00000000 00000000 00000000 00000000 00000000 00000000 00000000 00000000 00000000 00000000 00000000 00000110 00000000 00000000 00000000 00001000 00000000 00000000 00000000 00000000 00000000 00010001 00000000 00000000 00000000 00001000 00000000 00000000 00000000 00000000 00000000 00010001 00100000 00000000 00000000 00000000 00000000 00100100 00000000 00000100 00000000 00000000 00100000 00000000 10000100 
00000100 00000000 01000000 00000000 00000000 00000000 00000000 00000000 00000000 00000001 00100000 00000000 00000000 00100000 00100000 10000000 00000000 00000000 00000000 00000010 00000000 00001000 10000000 00000000 00000000 00000100 00001100 00000000 00000000 00000000 00000010 01001000 00000000 00000000 00010000 00000000 00000000 00000000 00000000 00000000 00000000 00000000 00000000 10000000 00000010 00000000 00000001 00100000 00000000 00000000 00000000 00000000 00000000 00101000 00000000 00000000 00000000 00000000 00000000 00100001 00000000 00000000 00010010 00010000 
00100101 00000000 11000000 00000000 00100110 10000001 00000000 00000000 00000000 00000000 00000000 00000000 00000001 00000000 00000000 00000000 00000000 00011010 00100010 00000000 00000000 00001000 00000000 00000000 00000000 00000000 00000000 00000000 00100000 00000000 00000000 00000000 00000001 00000000 00000000 00000000 00000000 00000000 00000000 00000000 00000000 00000000 00000000 00000000 10001000 00000000 00000000 00000000 00001110 00000000 10000101 00000000 00000000 01001010 00000000 01110000 11011001 00000000 00000000 00000000 01000000 00000000 00000000 00000000 
00000000 00000000 00000000 00000000 01000000 00000000 11010100 00000000 00000000 00000000 00000000 00000000 00000000 10100100 00000000 00000000 10100101 00000000 00000000 00000000 00001000 00000000 00000000 00000000 00000000 00001110 00000000 00000000 00000000 00000000 00000000 00000000 00000000 00000000 00000000 00000000 00000100 00000010 00000000 00000000 00000000 00000000 00000000 00000000 00100000 01011000 00000000 00000000 00000000 00000000 00000000 00000000 00000000 00010101 00000000 00000000 00000000 00001001 00000000 00000000 00000000 00000000 00000010 00000000 
00000000 00000000 00000000 00010000 00000000 11000000 00000000 00000000 10000000 00000000 00000000 00000000 00000000 01000000 10010010 00000000 00000000 00000000 00000010 00000000 00000000 00000000 00000000 00000000 00000000 00000000 00000010 00000000 00000000 00000000 00000000 00000000 00000000 00000000 00000101 00000000 00000000 00000000 00000000 00000000 00100001 00000000 00000000 00000000 00000000 00000010 00000000 00000000 10000000 00000000 01001000 00000000 00000000 00100010 00000000 00000000 00110010 00000000 00110100 00100000 00000000 00000000 00000000 00000000 
00000000 00000000 00000001 00000000 00001000 00000001 00000000 01010001 00000111 00000000 00000001 00000000 00000000 00000000 00000000 00010000 00000010 00010000 01000001 00000000 00000000 00000000 00000100 00000000 00000000 00001000 00000000 00000000 00000000 00000000 00000000 00000010 00000000 00000010 00000000 00000000 00000010 10000100 00001000 00000000 00000000 00000000 00000010 01001011 00000000 00000000 00000000 00000000 00010000 00000010 00000000 00000000 00000000 00100010 01010101 00000000 01000000 00100000 00000000 00000000 00000000 00000000 00000000 00000000 
00000000 00100001 00111101 00000000 00000000 00000000 00000000 00000000 00000000 00111011 00000000 11000001 00000000 00000000 10000100 00000000 00000000 00000010 00000000 00000000 00001000 00000000 01100000 00000000 00000000 10000000 00000100 00001001 10100010 00000010 00000000 00000000 00000000 00000000 00000000 00110001 00000000 00000000 00000000 01011010 00000000 00000000 00000000 01000000 00000000 00001100 00101100 00000000 10100010 00000000 00000000 10000000 00001011 00000000 00000000 00000000 10100010 00000000 00000000 00001000 00000000 00000000 00000000 00000010 
00010100 00000000 00000000 01000010 00000000 10000110 00000000 00000000 00000000 00000000 00000000 00001000 10000000 00100000 00000000 10100010 00000000 00010001 00001000 00000000 00000000 11000100 00110001 00000000 00000000 00100000 10000000 00000000 00000000 00000000 00000010 00000000 00010000 00000000 00000000 00000000 00000000 00000000 00001000 01000001 00000000 00000000 00000000 00000000 00000100 00000000 00000000 00000000 00000000 00000000 00000000 00000000 00000000 01010000 00100011 00010000 00000000 00000110 00010110 00000000 00000000 00000000 00000000 00000000 
00000000 00000000 00000000 00000000 00000000 00000000 00100000 00000000 00000000 00000000 00000000 00000000 00000010 00000000 00000000 00000000 00000000 01001000 00000000 00000100 00000000 00010000 00000000 00000000 00000000 00000000 00000000 00000000 00000000 00000000 01000000 10000000 00000010 00000000 00000000 00000000 00100000 00010000 00000000 00000000 10000010 00100100 00000000 00000000 00000000 00000000 00000000 00000000 00000000 00000000 11001000 00000000 00000000 00000000 00000000 00000000 00000000 00000000 00000000 00001000 00000000 00000000 00000000 00000000 
00000000 00100000 01000000 00000000 00000000 00000100 00101000 01001110 10000000 00000000 00000000 00000000 00000000 00000000 00000000 00000000 00000000 00001000 11000010 00000000 00100000 00000000 00000000 01010010 00000000 00000000 00000000 00000010 00000000 10100001 00000000 00000000 00000000 00000000 00000000 00010000 00000000 00000000 00000000 00000000 00000000 01010000 00000000 00000000 00010000 00000000 00000100 00001000 00000000 00000000 00000000 00000000 00001000 00100000 00000000 10000000 00000000 01000100 00000000 00000000 00000000 00000000 00000000 00000000 
10000000 00000000 00000000 00000000 00000000 00000000 00000000 00000000 00000000 00000000 01101100 00000000 00000000 00000000 00000000 10011000 00000000 00000000 00000000 00000000 11000000 00000100 00000000 00000000 00000000 00000000 00000000 00000000 00000000 00011000 00000000 00000000 00100000 00000000 00000000 00000001 00000000 10000100 00000000 00000000 00001011 00000000 00000000 00000000 00000000 00000000 10000000 00000000 00000000 00000000 00000000 00000000 00000000 10000000 00000000 00000000 00000001 00000000 00000000 00000000 00000000 00000000 00000000 01001010 
00001000 00000000 00000000 10010001 00000000 00000000 00000000 00000000 00000000 00000000 00000000 00001000 00000000 00000000 00000000 00000000 00010000 10010000 01100000 00010000 00000000 00000000 00000000 00000000 00000000 10001010 00000010 00010000 00000000 00000000 00110010 00000000 00000000 00000000 00000000 00001000 00000000 00000000 00000000 01000010 00000000 00000000 00000000 00000000 00000000 00001001 00000000 01010101 00000000 00000000 00000000 00000000 00000000 00100001 00000000 10001000 00000000 00101001 00000000 00000000 00001110 00000000 00000000 00000000 
00000000 00000010 00000000 00000000 00000000 00000000 00000000 01011010 00000001 00000000 10000000 00010001 00000000 00000000 00001100 00000000 00000000 00000000 00000000 00000010 00000000 00000000 00000000 00000000 00101000 00000000 00000000 00000000 00000000 00000000 01000000 00000000 00000000 00000000 00000000 00000000 00000000 01101010 00000000 00000000 00000000 00000000 00010000 00000000 00000000 10000000 00000000 01001000 00000000 00000000 00000000 00000000 10000000 00000000 00000000 00010110 00000000 00000000 00000000 00000000 01000000 00001110 00000000 00000000 
00000000 00000000 00000000 00000000 11001010 00000000 00000000 00000000 00000000 00000000 00000000 00000000 00000000 00010000 00000000 01010010 00001000 00110000 00001101 00001000 00000000 00000000 00000000 00000000 00000000 00000110 00000000 10000000 10001100 00000000 10000000 10000000 00000000 00000000 10001000 00000010 00101000 00000011 01010010 00000110 00000010 00000000 01000010 00000000 00000000 00000000 00000000 00000000 00010000 00001010 00000100 00000000 00000000 00000000 00010000 10000000 00000000 00000000 00001001 00000000 00000000 00000100 00000000 10000001 
00000000 00010000 01000000 00000000 00000000 00000000 00000000 00000000 00000000 00000000 00000000 00000000 00000000 00000000 00000000 00001000 00000000 00001000 01000000 10000000 00000000 00000000 00010000 00001000 00000000 00000000 01010101 00100000 00000000 00010000 00000000 01001000 00000000 00000000 00000000 01000010 00000000 00000000 00000000 00000000 00000000 00000000 00000000 00000000 00000000 00000000 00100110 00000000 00000000 00000000 00000010 00000000 00000000 00000000 10000000 00000000 01000001 00010000 00000110 00000000 00000000 00000000 00000000 00000000 
00000000 00000001 00001010 00000000 00010010 00010000 00000000 00000000 00000000 00000000 00000000 10100000 00000000 00000000 00000001 00000000 00000000 00000000 10001010 00000000 10010110 00000000 00100000 00000000 00000100 00000010 00000000 00000000 00000000 00000000 00000000 00100000 00000000 00000000 00000000 00000000 11010001 00000000 00000000 00000000 00000000 00000000 00000000 00000000 00000000 00000000 01000100 00000000 01000000 10100000 00000000 00000000 00000000 00010110 00000000 00000000 00000000 00000000 00000000 00011000 00000000 10000000 11010000 00000100 
00000000 00000000 00000000 00000000 00000000 00000000 00000000 00000000 00000001 00000000 00000000 00000000 00000000 10000100 00000000 00000000 00000000 00000000 00000000 00001010 00000000 00000000 00000000 00110000 00000000 00000010 00000000 00000000 00010000 00010000 00000001 01010100 00001100 00000000 00000000 11000000 00000000 00000000 00000000 00000000 00000000 00000010 00000000 00000000 00000000 00000000 00000000 00000000 00100000 00000000 00000000 00000000 00000000 10100000 00000000 00000000 00100000 01010010 00000000 00000000 00000000 00000000 00000000 00000000 
00000000 10100001 00000000 00000000 00000001 00000000 00000000 00000000 00000000 00000000 00000000 00000000 00010000 00000100 00000000 00000000 00000010 00000000 00000000 00000000 00000000 00000000 11000001 00000000 00000000 00000000 00000000 00000000 01000110 00000001 00000000 00000000 00000000 00000000 00000000 00000000 00011000 00000000 00000100 00000000 10000010 00000000 00000000 01000000 00000000 01000100 00000000 00000000 10000000 00000000 00100000 00000000 00000000 00000000 00000000 00000000 00000000 00000000 00000000 00000100 00000000 00000000 01000000 00000000 
00001000 00000100 00000000 00000001 10001010 00000000 00000000 00000000 01001010 00000000 00000000 00000000 00000000 00001000 00000000 00000000 00000000 00000000 00000000 00000000 01001001 00001111 00000000 00000000 00000000 00000000 00000000 00000001 00000000 00100000 00000000 00000000 00000000 01000100 00100000 00000000 00000000 00000000 00000000 00000000 00000000 00110111 00000000 00000011 00000000 10001101 00000000 00000000 00000000 00000000 00010000 00000000 00000000 00000000 00000000 00000000 00000000 00000000 00000000 00000000 00000000 00000000 00000000 00000000 
00000000 10100010 00000000 00000000 00000000 00000000 10000001 00000000 00000000 00000100 00000000 00000000 10000000 00000100 00000000 00000000 00000000 00000100 00000000 00000000 00000000 00000001 00000000 00000000 00000011 10010000 00000000 00000000 00001000 00100010 00000000 00000110 00000000 01000010 00000000 00100000 00000100 00000000 00001000 00000000 00001000 00000000 00000000 00000000 00000010 00000000 00010000 01010000 00000000 00000000 00000000 00000000 00000000 00000000 00001000 01000000 00000000 00000000 00000000 00010000 00000010 00000000 00000000 00000000 
10000000 10000100 00000000 00000000 00000000 00000000 00000000 01000000 10101000 00000000 00001000 00000000 00000000 00000000 00000000 00000000 00000000 00000000 00000000 00000000 00000000 00000000 00000000 10000000 00000000 00000000 00000100 00000000 00000000 10010010 11000000 00000000 01010000 00000000 00000001 00000000 00000000 01010000 00000000 00000000 00000000 00100011 10000000 00011000 00000000 00001000 00000000 00000000 00000000 00000000 00000000 00010001 00000000 00001000 00000000 00000000 00000000 00000000 00000000 00000000 00000000 00000000 00000000 00001000 
00000000 00000000 00000000 10000000 00000100 00000000 00000010 01000000 00000000 00000000 00000000 00010001 10000000 00000000 00000000 00000000 01000000 00000000 00000000 00000000 00000000 00100001 00001000 00000000 00000000 00000000 00000000 00110110 00000010 00000000 00000100 00000000 00000000 10000000 00000000 00000000 00011000 00000000 00101101 00000000 00000000 10001001 00000000 00000000 10000001 00001000 00000000 00001000 00000000 00000000 00000000 00000000 00000110 00000000 10011000 00000000 00000000 00000000 00000000 01000000 00000000 00000000 00000000 00000000 
00000000 00000000 00000000 00000100 00000000 10000000 00000000 00110000 00000000 10000001 00000101 00000000 00000000 00000010 00000000 00000000 00000000 00010000 00001000 10100110 00000000 01000010 00000000 00000000 00000000 00000000 00000000 00000000 00000000 00000000 00110000 00000000 00000010 00000000 00000000 00000000 00001000 00010100 00000000 00000000 00000000 00000000 00000000 00000000 00000000 00000010 00000000 01000000 00000000 00000000 00000000 00000000 00000000 00000000 00000000 00000000 10101000 00000000 00000000 00000000 00000000 00000000 00000010 00000000 
00000000 01000000 00000000 10110011 10000000 00000000 00000000 00001000 00000000 01000000 00010000 00000000 00000000 00010000 00000000 00000000 00000000 00000000 00000000 10000010 00010000 00001000 00000001 00000000 00000000 00100000 00000000 00000000 00000000 00000101 01001011 00000000 00000000 00000000 00000000 11100000 00000000 00000000 00110000 00000000 10100000 00100001 00000000 00000000 10001010 00000000 00000000 00000000 00000000 00000000 00000000 00000000 00000000 00000000 00000000 00000000 00000000 00001000 00000000 00000000 00000000 00001100 00000000 00000000 
00000000 00000000 00000000 00000000 00000000 00000000 01010000 11000000 00000000 00000000 00000000 00000000 00000000 00000000 01010000 00000000 00000000 00000000 00000000 00000100 00000000 00000000 00000010 00000000 00000001 00000000 00000000 00101010 00000000 01000010 00100000 01000000 00001000 00000000 00000000 11000000 00000000 01101000 00000000 00000000 00000000 00000000 00000000 00010000 00000000 00000000 00000000 00000000 00000000 01010010 00000000 00000000 01010010 00000000 00000000 00000000 00000000 00000000 00000000 00001010 00101000 00000010 00000000 00000000 
00000000 01100010 00000000 00000000 11000001 00000010 00000000 00000101 00000000 00000000 00000000 11000110 00000000 00000000 01100100 00000000 00000000 00000000 00000000 00000000 00001010 00000000 00000000 00001000 00000000 00001010 00000100 00010001 00000000 00000100 00100000 00000000 11010100 00000000 00000110 00000000 00000000 00000000 00000000 00000000 00000000 00000000 00100100 00000000 00000000 00000000 00000000 11010100 00000000 00000000 00000000 00000000 00000000 00000000 00000100 00000000 00000000 00000000 00000000 00000010 11010110 00000000 00000000 00000000 
00000000 00100010 10000010 01100000 00000000 00000001 00010000 00000000 00000000 00000010 00000000 00000000 00100001 00001101 00000000 01000010 01000000 00001000 00000000 00000000 01100000 00000000 00000100 10000000 00000110 00000000 00000000 00000000 00000000 00000000 00000000 00000000 00000001 00000000 00000000 01011000 00010000 00000000 00000000 00000000 00000000 00000000 00000000 00000000 00000000 01000000 00000000 00000000 00000000 00000000 01000000 00000000 00000000 00000000 00000000 00000000 00000100 10000010 00000000 00000010 00010000 00000000 01100101 00000000 
00000000 00000100 00000000 00000000 00000000 00000000 00000000 00000000 00000000 00000000 00000000 00000000 00000000 00000100 00000000 00000000 00000000 00000000 10100000 00000000 00000000 01001000 00001010 00000000 00000000 00000000 00000000 00100000 00000000 01000000 00000000 00000000 00000000 00000000 00000000 10001000 00000000 00110001 00001110 01000000 00000000 00000010 00000000 00000000 00000000 11001010 00000000 00000000 00000000 00000000 10000000 00000000 00000000 10010001 00000000 00000000 00100011 10000000 00000000 00100010 00010000 00000010 00000000 00000000 
00000000 00000000 00001010 00000001 00000000 00000000 00000000 00000000 00000100 00000100 00000000 00000000 00000000 10000000 00000000 00000000 00000100 00000000 00000000 00000001 00101011 00000000 00000000 00000000 00000000 00000000 00000000 00000000 00000000 00000000 00000000 00000010 00000000 00000000 00000000 00000000 10000010 00000000 00000000 01001101 00000000 10100000 00000000 00001000 00000000 00000000 01000000 00000010 00000010 01000000 00000000 00000000 00000000 00000000 00000000 00100100 00000000 00000000 00000000 00000000 00000000 00110011 00000000 00000000 
00101000 00000010 00000000 00000000 10000000 00011001 00000000 00010000 00000000 00000000 10000101 01100000 00000000 00000000 00000000 00001000 00000000 00000000 00000000 00000000 00000000 00000000 10000011 00000000 00001110 00000000 10000100 00000000 00000000 00000000 00000000 00000000 00100000 00000000 00000000 00000000 10000000 00000000 00000000 01000000 00000000 00000010 00000000 00000000 00000000 00010100 00000000 00000000 00100010 00000000 00000000 00000000 00000000 00000000 00000000 00000000 00000100 00000000 00000001 00000000 00000000 00000000 00000000 00001010 
00000000 00010000 00000000 00000000 00000101 00000000 00000100 00100000 00000000 00000000 00000000 00000000 00000000 00000000 00000000 00000000 00000000 00001000 00000000 00000010 00000000 00000000 00000000 00000000 10000000 00000001 00000000 00001000 00000000 00000000 01000010 00000000 00000000 00000010 00000000 00000000 11000000 00000000 00000000 00000000 00100100 00100010 00000000 00000000 00000000 00000000 00000000 00000000 00000000 00000000 00000000 00000000 00000100 00000000 01001000 00000000 00000000 00000000 00000000 00000000 00000000 00001001 00000000 00011000 
00000000 00111000 00010000 00000000 00000000 00000000 00000000 00000000 00000000 00000000 00001011 00000000 01000010 00000000 00001111 00000000 00000000 00000000 00000000 00000000 00000000 00000000 00000000 00100001 00000000 11100011 00000000 00000000 10000000 00100000 00000000 00000000 00000000 00000000 10100100 00000000 00000100 00000000 00000000 00000000 00000000 00110010 01011000 00000000 00000000 00000000 00001001 00100000 11010010 00000000 00000000 00010001 00000000 00001000 00000000 00000000 00100000 01000000 00100100 00000000 00000000 00000000 00000001 00000000 
00000000 00000000 00000000 01100010 10010011 00000000 00000000 00010001 00000001 00000000 00000000 00000000 00000000 00000001 00000000 00000000 10100000 00000000 00000000 00000000 00000000 00100000 00000000 00000000 00000000 00000001 00000000 00000000 00000000 00000000 00000000 10100001 00000101 00000000 00000000 00000000 00000000 00000000 00000000 00000000 00000000 00010000 00000000 00000000 00000000 10000001 00000000 00000000 00000000 00000000 00000000 00011001 00000000 00000000 00000000 00000000 00000000 00000000 00000000 00001010 00000000 00000000 01000000 00000000 
01000000 00000100 00000000 00000000 00000000 00000000 00000000 00000100 00000000 00000000 00010000 00000000 01000001 00000000 11001010 10000000 00000000 00000000 00000000 00000000 01000000 00000000 00000000 10000000 00000000 00000000 00000000 00000000 00000000 00000001 00000000 00110100 10010000 00000000 00000000 00000000 00100000 00000010 00000100 00000000 00000000 00000000 00000000 00001000 00000010 00000000 00000000 00000000 00001001 00000000 00011000 00000000 00000000 00000000 00000001 00101010 00000000 00000000 00000000 00000000 00000000 00000000 00000000 00000000 
00001000 00000001 00000000 00000000 00000000 00010100 10000000 00000000 00000000 00000000 10000000 00000000 00000000 00011000 00000000 00000000 00000000 00000000 00000000 10010010 00100000 00000000 00011000 00000000 00000000 00000000 00000000 00000000 00000000 00000000 00000000 01000000 00000000 00000000 00000000 00000010 00000000 00000000 00000000 10010000 00000000 00000000 00000000 00000000 01000100 00000000 00000000 01000100 00000000 00000000 00000000 00000000 00000000 00000000 00010000 10000000 00010001 00000000 00000000 00000000 00000000 00000000 00010000 00101000 
00000000 00000000 00000000 00011000 00000000 00000000 00000000 00000000 00000000 00000000 00000000 00000000 00000000 01100001 00000000 00000000 00000000 11010100 00000000 00000000 00000000 00000000 00000000 00000000 00000000 00000000 00000000 01010100 00000000 00000000 00000000 00000000 00000000 10001111 00000000 00000100 10000101 00000000 00000000 00000000 00000001 00000000 00000000 00000000 00000001 00000010 00000000 00100000 00000000 00000000 00000000 00000000 00000000 00000000 00000000 00000000 00000000 00000000 00000000 01000000 00000000 00100000 00000000 00000000 
00001000 00101000 00000000 00000000 00010010 00000000 00000000 00000000 00010100 00000000 00000000 00000000 00000000 00000010 00000000 00100000 00000000 00000000 00000000 00000000 00000000 00000000 00100000 00000000 00000000 00100001 10010000 00000000 00000000 00100000 00000000 00000110 00000000 00000000 10000000 00000000 00010000 00000000 00000000 00000000 01000000 00000000 00000000 00000000 00110100 00000000 00000000 00000000 00000000 00000000 10100000 00010000 00000000 00000000 00000000 00000000 00000000 10000001 10000000 00000011 00010100 00100100 00000000 00000000 
00000000 00000010 00000000 00000000 00000101 00000000 00000000 00000000 00000000 00010001 00000000 00000000 00001000 01000000 11000000 00000000 00000000 00000010 00000000 00000000 00000000 00000000 00000000 00000000 00000000 00001000 00000000 00000000 00000000 00000000 00000000 00000000 00000000 00000000 00000000 00000000 00000000 00100010 10000000 00000001 00000000 00000000 00000000 00000010 00000001 00000000 00000100 00000000 00000000 00000000 00000000 00000000 00000000 00000000 00000000 00000000 00000001 00000000 00000000 00000000 00000000 00000000 00000000 11100110 
00101000 00001101 01000010 01000000 00000000 00000000 00000000 00000000 00000000 01000000 10000100 00000000 00000001 00000000 00000000 00000000 00000000 00000000 00000000 00000000 00000000 00000000 00000000 00000000 00000000 00000000 00000000 00000000 00000000 00011001 00100000 00000000 01100000 00000000 00000000 00000010 00000000 00000000 00010000 00000000 00000000 00000000 00000000 01001001 00000000 00000000 01000000 00011000 01000000 00000000 00000000 00000000 10000100 00000000 01000000 01000000 01000010 00000110 00010000 00000000 00000000 00000000 00000000 00000000 
00000000 00000000 00000000 00000000 00000000 00000000 00000000 00000000 00000100 00000000 00000000 00100000 00000000 00000000 00000000 00000000 00000000 00000000 00000000 00000000 00000000 00000000 10000000 00000000 00000000 01001000 00000000 00000011 00000000 00000000 10000000 00000000 00000000 00000000 00000000 00000000 00000000 00000000 00000000 00000000 00000000 00000000 00000000 00000000 01000100 00001000 00000000 00010000 10000010 00000000 00100000 00000000 00010000 00000000 00000000 00100000 00000000 00010000 00000000 00000000 00000000 00000000 00000000 10010110 
00000000 00000010 00000000 00000000 00000000 00000000 00000000 00000001 00000000 01000000 00000000 00001000 00000000 00000000 00000000 00000000 00000001 00000000 00101000 00000000 11010000 00001011 00000000 00000000 00000000 10000001 00000000 00000000 00000000 00000000 00000000 00100010 00000000 00000001 10000010 00000000 00000000 00000000 01000001 00000000 00000000 00000000 00000000 00000000 00000100 00000000 00000000 00000101 00000110 00000000 00000000 00000000 00000000 00000000 00000000 00000000 00000000 00000000 00010000 00000000 00001011 00000000 01000000 00000000 
00000000 00110000 00001001 00000000 00000000 01000000 00000000 00000000 10000000 00000000 00000000 00000000 00000000 00000000 00000000 00000000 00110000 00000000 00000000 00000000 00000000 01000100 00000000 00000010 00000000 00000000 00000000 01000000 01000000 00000000 00000000 00000000 00000000 00000000 00000000 00000000 00000000 00100000 00000000 00000000 00000000 00000000 00000000 00000000 00000000 00000000 00000000 00000100 00000000 00001000 00000000 00000000 00000000 00000000 00000000 00010000 00000000 00000000 00000000 00111110 00000000 00000000 00000000 10101000 
00100100 00000000 00000000 00000000 00000000 00000000 00000000 00100001 00000000 00000000 10100000 00000000 00000000 00000000 00000000 00000000 00000001 00000000 00000000 10000000 00000000 00000000 00000000 00000000 00010000 00000000 10010000 00000000 00000010 11001100 00000000 00100100 00000000 00000000 00000000 00000000 00000000 00001000 00000000 00001110 00000000 00000000 00000000 00000000 00000000 00000001 00000000 01001000 00000000 10001000 00010101 00010000 01110000 01000000 00001000 00000000 00000000 00000000 01000000 00000000 01000101 11000100 00000000 00000000 
00000000 00000000 00000000 00000000 00000000 00000000 00000000 00000000 00000010 10000100 00000000 00000000 00000000 00000000 00000000 00000000 00000000 00000000 00011100 01000100 00000000 00000100 00101000 00101000 00000000 01101000 00000000 01000001 00000000 00000000 00000000 00000000 00000000 01010000 00000000 00000000 00000000 00000000 00000000 00000000 00000000 00000000 00000100 00000000 00000000 00000000 00000000 01000100 00000000 00000000 01000000 00000000 00000001 10000001 00000000 00000000 00000000 00000000 00000000 00000000 00000000 00000000 00000000 00000000 
00000000 10010110 00000000 10001000 00001000 00000000 00000000 11100000 00000000 10001000 10000100 00000000 10000101 00000000 00000000 00000010 01100000 00000000 00100001 00000000 00000000 00000000 00000000 00000000 00000000 00000000 00000010 00000000 00010100 00000000 00010000 00000000 00000000 00000001 10101000 00001000 00000000 00000000 00000000 00000000 00000000 01000000 00000000 00000000 00101000 00000000 00000000 00000000 00000000 00000000 00000000 01010010 00000000 10001000 00000000 00000000 00000000 00000000 00000000 00000000 00000000 00100000 00000000 00000000 
00000000 00000000 00000000 00000000 00000000 00000000 00000000 11000100 00000000 01000100 00000000 00000000 00000000 00000000 00010010 00000000 01000000 00000000 00000010 00000000 00000000 10100101 00000000 00000000 00000000 00000000 00000000 00001000 00000000 00000000 00000000 00000100 00000000 00000000 00000000 00000010 00000000 00000111 00000000 00000000 01100001 00000000 00000000 00000000 00000000 01000001 01000000 01010000 01011000 00000000 00001000 10010110 00010000 00001000 00000000 00000000 00000000 10001000 00000000 00100001 00000000 00000000 00000001 10000000 
00000000 10001010 00000000 00000000 00000000 00000000 00000000 00000000 00000000 00010000 00000000 00000000 00000000 00000000 00000000 00000000 00010000 00000000 00000000 00000000 00000000 00000000 00000000 00000000 00000000 00000000 00000000 00000000 00000000 00000000 00000000 10000000 00000000 00000000 00000000 00000000 00000000 00000000 00000000 00000000 00001000 00000000 00000000 00000000 00000000 00000000 00000000 00000000 00000000 00000000 00000000 00000010 00000000 00000000 00000000 00000010 00000000 10000001 00000000 00001000 00010001 00000000 11100000 00000000 
00000000 00000000 00000000 00000000 00000000 00000001 00000000 00000000 00000000 00001000 00001010 00000000 00001000 00000000 00010001 10000000 00000000 00000000 00000000 10000010 00000000 00000100 00000000 00000000 00011000 00000000 00000000 01010001 00000000 00000000 00000000 01010000 00000000 00000000 00000000 00000000 00000000 00000000 00001100 01000000 00000000 00000000 00000000 01010000 00000000 00100000 00000000 00000000 00000000 00000000 00000000 00000000 00100001 00000000 00000010 00000000 00010000 00000000 00000000 00100000 00000000 00000000 00000000 00000000 
01010000 00001001 00000000 00000000 01010000 00000000 00000010 00000000 00000000 00100000 00000000 00000000 00101000 00100000 00000000 10010000 00000000 00000000 00000000 00000000 00000100 01100000 00000000 00001000 00000000 00000000 00000000 00000000 00000010 00000000 00000000 10000000 01000010 00000000 00001001 00000000 00000000 00000000 10000000 00110000 00000000 00010001 00000000 00000000 00000000 00000000 00000000 01000110 00000000 00000000 10001010 00100001 00011000 00000001 00000000 00100000 00000000 00010010 00000001 00000000 00000000 00000001 10000000 00000000 
00000000 00000010 00000011 00000000 00000000 00000000 00000000 00000000 01000000 00000000 00000000 00000000 00000001 00000000 00000000 01000011 00000000 11000010 00000000 00000000 00000000 01000100 00000000 00000000 00000000 00000000 00000000 00000000 10000000 00000000 00000000 00010000 00000000 00000000 00000000 01000001 00000000 00000000 00000000 00000000 00010000 00000000 10000000 10000000 00000000 00000000 01010100 00000000 10001000 00000000 11001000 00000010 00000000 00000000 00000000 00000000 00000000 00000000 00000000 01000100 00100000 00000000 00000000 11000000 
00000000 00000000 00000000 00000000 00000000 00000000 00000000 00000000 00000000 00011001 00000000 00000000 00000000 00000100 00000000 00000000 00000000 00000000 00000000 11010000 00000000 00000000 01000010 00000010 00000000 00000001 00000000 01000000 10100101 00000000 00001010 00000000 00000000 00000000 00000000 00000000 00000000 00000000 00000000 00000000 01000000 10011000 00000000 00000000 00000000 00000000 00000000 01000000 00000000 00000000 00000000 00000000 00000001 00000000 00000000 00000000 01100000 00000000 00000000 10010000 00000000 00000000 00010000 00000000 
00000000 00000000 01000000 01010011 00000000 00000000 00000000 00000000 10010000 00000000 00000000 00000000 01000000 00000000 00010100 00000000 01000000 00001000 01011100 00000000 00101100 00000000 00000000 00000000 00000000 01100100 00000000 00000110 00000000 00000000 00000001 00000000 00000000 10000010 00100000 00100000 00000100 00000000 00000000 00000000 00000000 10000000 00000000 10001000 00001000 00000000 00001000 00000000 00000000 00000000 01000000 00000000 00000000 00000000 00000000 00000000 00010110 00000000 00000000 00000000 00000000 00000100 00000000 00000000 
00010000 10000000 00000000 10000000 01010100 00000000 00000000 00000000 00100100 00000000 00000000 00010000 01000000 00000000 00000000 00000000 00000000 00000000 00000000 10000000 00000001 00000000 10010000 00101000 00000000 00000000 00000000 00000000 00010000 00000000 00000001 00000000 00000000 00100000 00000000 00000000 00000000 00000010 00010000 00000000 00000000 00000000 00000001 00000000 00000000 00000000 00000100 00000000 00010010 00000000 00000000 00100100 00000011 00001000 00000000 00000000 00000000 00000000 00000000 00000000 00110000 00000000 00000000 00000000 
00000000 00000000 11000000 00000000 10000000 00000000 00000000 00000000 00000000 00000010 00000000 00000000 00000000 00000000 00000000 00000000 00000000 00001011 00000000 00000000 00000000 00000000 00000000 00000000 00000000 00000000 00000000 00000000 00000000 00000000 10100000 00000100 00000000 00000000 00000000 00000000 00000000 00000000 00000000 01010000 10000000 10000000 00000010 00000000 00000000 00000000 00100000 00000000 00001010 00000000 00000100 00000000 00000000 00000000 00000000 00000000 00000000 10100001 00000000 00000000 00001001 00000000 00010000 00000000 
00000000 00000000 00000000 00000000 10000000 00000000 00000000 00000000 10110010 00000000 00000000 00000000 00000000 00100000 00000100 00000000 00000001 00000000 01000010 00000000 00000000 00000000 00000001 10000000 00000000 00000000 00000001 00000000 00000000 10100000 00000000 00000000 00000000 00010000 00000000 00000000 00000000 00000000 00000000 00000000 00000000 10000100 00000000 00000000 00000000 10000000 00000000 01000101 00000000 00000000 00000000 00000000 00000000 10000000 00000000 00000000 00000000 00000101 00000000 00000000 00000000 01000000 00000000 00000000 
00000000 00000000 00000000 00000000 00000000 00000000 00000000 00000000 00000000 00000000 00000000 00000000 00000000 00000000 11000000 00000000 00000000 00000000 00010000 00011000 10110000 00000000 00000000 00000000 00000000 00000000 00000000 01000000 01001000 00000000 01000000 10001000 00010001 00000000 00000000 10000000 00000000 00000000 00000000 00000000 00000000 00001011 00000100 00000001 00000000 00000010 00000000 00000000 00000000 00000000 11110000 00000000 00000000 00000000 00000000 10100000 00000000 00000000 01000000 00000000 00000000 10000000 00000000 00000000 
00000000 00000000 00000000 00000000 00000100 10011100 00000000 00000000 00000000 00000000 00100000 00000000 00000000 00000000 00000000 00001000 00000000 01000000 00000000 00011000 00000000 01001000 00000000 00000000 00000100 00000000 00000000 00000000 00000000 00000000 00000000 10000000 00000001 00000000 00000000 00000000 00000000 00000000 00000000 00000000 00000000 00000000 00000000 00100000 00000000 00000000 00000000 00000000 00001000 01000001 11110001 00100010 00010000 00000000 00000000 00000000 00000101 00000000 00000000 00000000 00001100 00000000 00001101 00000000 
00100000 00000000 00000000 00000000 00000000 00000000 00000000 00100000 00000000 00000000 10000000 00000000 10000000 00000010 00000000 00000001 11010000 00000000 00000000 00000100 00000000 00000000 01110010 00000000 00000100 00000000 00110100 00010011 00000000 00000000 00000000 00000000 00000001 00000000 00000110 00000000 00000010 01000001 00000001 00000001 00000000 00000000 00000000 00000000 00000000 00000100 00000000 00000000 00000000 11000100 00000000 00000000 00000000 01000000 00000000 00000000 00000000 00000000 00000000 00010000 00000000 00000000 00000000 00000000 
00000000 00000000 00000000 00000000 10000100 00000000 00000000 00000000 00000000 00000000 00000000 00000000 00001000 00000000 00000000 00000000 00000000 00000000 00000000 00000000 00000000 00000000 00000000 00000000 10000101 00000000 00000000 01100010 00000000 01000101 01010000 00010100 00000000 00000000 10100010 00000000 00100000 00000000 00100000 00000000 00000000 00000000 10000000 01001001 01100000 00000000 10010000 00000000 00000000 00000000 00000000 00000000 00000000 00100100 00000000 00000000 00000000 00000000 00000000 00000000 00000000 00000000 00000000 10000000 
00010000 00000000 10000100 00000000 00000000 00000000 00000000 00000000 00000000 00000000 00000000 00000000 00000000 00000000 00000000 11100010 00000000 00000000 00000000 00000000 00010011 00011000 00000000 00000000 00100001 00000000 00000000 00000000 00000000 00000000 00000000 00000000 00000000 00000000 00000000 00000000 00010000 00000000 00000000 00000000 01000100 00000000 00000000 00000000 00000000 00000000 10000000 00000000 00000000 01001010 00000000 00000000 00000000 00000000 01001100 00000000 10000000 00000000 00000000 00000000 00100000 00110010 00000000 00000000 
00100100 00000000 00010100 00000000 01001001 00100000 00000000 00000000 00001010 00000000 00000000 00000111 10100000 00000000 00000000 00000000 00000000 01110100 00000000 00000010 00000000 00000000 00000000 00000000 00000000 00000000 00000000 00000000 00000000 00000000 01000100 00000000 00000000 00000000 00000000 00000000 00000000 00000000 10000000 01001000 00000000 00000000 10000000 00000000 00000000 00000000 00000000 00000000 00000000 00000000 00000000 00000000 00000000 00000000 00000000 00000010 01000010 00000000 00000000 00000000 00000000 00000000 00000000 00000000 
00000000 00000000 00000000 00100000 00000000 00000000 00000000 00000000 00000000 00000001 00000000 00001010 00000000 00000000 01001000 00101011 00000011 00000000 00000000 01000100 00000000 01000000 10100100 01000000 00000000 00000000 10101001 00000000 00110000 00000001 00000000 00000000 00000000 00000000 00000000 00000000 00100100 00000100 11100000 00000000 00000000 00000000 00000000 00000000 00000000 00000000 00000000 10001110 00000000 00000000 00000000 00000000 01000000 00000000 00000000 00000000 00000000 00100001 00000000 00000000 00000000 00001111 00000000 01000000 
11001000 00000000 10000000 00000000 00000000 00000000 00000000 00000000 10100100 00000000 00000000 00100000 00000000 00000000 00000000 00000000 00000000 00000000 00000010 00000000 00001001 10001100 00000000 00000000 00000001 10010111 00000000 10000001 00000000 11000100 00000000 00000000 11100001 00000000 00000000 00000000 00000000 00000000 01000011 00000000 00000000 00000000 00000000 00100000 10000000 01000100 00000000 01100011 00000000 10001010 00000000 00000000 00000000 00000000 00000000 00000000 00000000 00000000 00000000 00000000 00000000 10000010 00000001 00000000 
00010000 00000000 00000110 00000000 00000000 00000000 00000000 00000000 00000101 00000000 00000000 00000000 00000000 00000000 00010000 00000100 00101010 00000000 01100000 00000000 00000000 00000000 00000000 00000000 00000000 00000000 00010010 00000000 00000000 00000000 00000000 00000101 11000111 00000000 00000000 00100100 00000000 00000000 00000000 00000000 00000000 00000000 00000000 00000000 00000000 00000000 00000000 10101000 00000000 00000000 01100010 00000000 00000010 00000000 00000100 01001000 00000000 00000000 00000000 00000000 00000010 00000000 00000000 00000000 
00000000 00000000 00000000 00000000 00000000 00000000 00000000 10010001 00000000 00101000 00100000 00000000 00000000 00010000 00000001 00000000 00001010 01000000 00000000 00000000 00000001 00000000 00010010 00000000 01010000 00000000 00000000 10000001 00000000 01100100 00000000 00000000 00000000 00000000 00000000 00000000 00010000 00000000 00000000 00000000 00010000 00000000 01000000 00000100 00000000 00100000 00000000 00000000 00000000 10000000 00010000 00000000 00000000 00000000 01000001 00000000 00000000 00000000 01000010 00000000 00000010 00000000 00001000 00000000 
00000000 00000000 00000000 00000000 00000000 00000000 00000000 01000100 01000000 00000000 00000000 00000000 00000001 00000000 00010000 01010000 00001011 00000000 00000000 00000000 00000000 00000000 00000000 00000000 00000000 10010110 00000000 00000000 00000000 00000000 00000000 00000000 00000000 00010000 00000000 00100000 00000000 00000000 00000010 00000010 00000000 00000000 00000000 00000100 00000000 00001000 00000000 00000000 00000000 00000000 00000000 00000100 00000000 10010000 00000000 00000000 00001010 00000000 10000000 01010000 00000010 00000000 01011010 00000000 
00010000 00000000 00000000 00100000 00000000 00000010 00000000 00000000 00000000 00000000 00000000 00000000 00000000 00000000 00000000 00000000 00000000 00000000 10100100 00001000 00000000 00000000 00000011 00000000 00000000 00000000 00000000 00100000 00000000 11000000 00000000 00000000 00000000 00000000 00000001 00010000 00000000 00000000 00010000 00000000 10000000 00000000 01000000 00000000 00000000 00000000 00010001 00000000 00000000 00000000 00000000 00001101 00000000 01011001 00000000 00000000 00000000 01100000 00000000 00001011 00000000 00000000 00000000 00000000 
00000000 00000000 00000000 00100001 00000000 00100001 00000000 00000000 00000000 00000000 00000000 00000000 00000000 00100010 00000100 00000000 11100000 00000000 00000000 00000000 00000000 00000000 00000000 00000000 00000000 00000000 00000100 00000000 00000000 10000000 00000000 00000000 00000000 00000000 00000000 01110001 00000000 00000000 00000000 00000000 00100000 00000001 00000000 00000100 01000000 00000000 00000000 00000000 00000000 00000000 00000000 00000000 00000000 01000000 00000000 00000000 00000000 00000000 00001000 00000000 00000000 00000000 00000000 00000100 
00000000 00000000 00000000 00000000 00010000 00000001 10100001 01000000 00100011 00000000 00000000 00000000 00000000 00100001 00000000 00000100 10000000 00000000 00000000 00000001 00000000 00000100 00000000 00000000 00000000 00001100 00000000 00000000 00000000 00000000 00000000 00000000 00000100 10100010 00000000 00000100 10010100 00000000 00000000 01010000 01010000 00000000 00000000 00010101 00010000 00000000 00010000 00000000 00000000 00000000 00000100 00000000 00000000 01000000 00000000 00000000 00000000 00000000 00000000 00000000 00000000 00000001 00000000 00000000 
00000000 00000000 00000000 00000000 00000000 00000000 00000000 00000000 00000000 00000000 00001000 00000000 00000000 00000000 00100011 00000000 00000000 00000000 00000000 00000000 00100100 00000000 00001000 00000000 00000000 00000000 00000000 00000010 00000000 00000000 00000000 00000000 10000000 00100000 00000000 00000000 00000011 00000000 00010010 10010100 00000000 00000001 00000000 00000000 00000000 00000000 10001010 00000001 00000000 00000000 00010000 00000000 00000000 10000000 00000000 00000000 00000000 00000000 00000110 00000010 00000000 00100100 00000000 00000000 
00000000 00000000 00000001 00101000 00000000 00000000 00000100 00000000 00000000 00010000 00000100 00000000 00000000 00000000 00000000 00000000 00000000 00000100 00000000 00000101 00000000 00000001 00010010 00000000 00000000 00000000 00000000 00000000 00000001 00001000 00000000 01000000 00000000 00000000 00000000 00000000 00000000 00000000 00000000 00000000 00000000 00000000 00000100 00000000 00000000 00000000 00000000 00000000 00000000 00010010 00000100 00000000 00000101 00000000 00011000 00000000 00000000 00000000 00000010 00000000 00000000 00000000 00000000 00000000 
00000000 00010000 00000000 00000000 00001000 00101100 00000000 00000000 00010000 00000000 00000000 00000000 10000000 00000000 00000000 00100000 00001000 00000000 00100000 00000000 00000000 00100000 00000000 00000001 00011110 00000000 01000000 00000000 00100100 00000000 00000000 00000000 00000000 00000000 01000000 00000000 00001000 00000000 00000000 00000000 00000000 00000000 00000000 00000010 00000100 00000000 00000000 00000000 00000000 00000000 00000000 01000000 00000000 00000000 00000000 01010000 00000000 00000000 00000000 00000000 00010000 00000000 00000000 00000010 
00000000 00000000 00000000 00000000 00000000 00100000 00000000 00000000 00000000 00000000 00000000 00000000 00000000 00000000 10000000 00000000 00000000 00000000 00000000 00000000 00000000 00000000 00000000 00001010 00000000 00000000 00010000 00000000 00000000 01000000 00010000 00000000 00000000 00000001 11010000 00000000 00000000 00010000 00100000 00000000 00000000 00000000 00000000 00000000 00000000 00000000 00000000 00000000 00000000 00000000 00000000 00000000 00110100 00000000 00000010 00000000 00000000 00000000 01011001 00010100 00000001 00000000 10001100 00001000 
00000010 00000000 10001000 00001000 00000000 00000001 00000000 00000000 00000000 00000000 00000000 11000100 00000000 00000000 00000000 00000000 00000000 00000000 00000000 00000000 00000000 01000000 00000000 00000000 00100000 00000000 00000000 00000000 10000100 00000000 10000000 00100000 00100000 00000000 00001000 00000000 00000000 00000000 00000000 00000000 00000010 00000000 10100000 00000000 10000000 00000000 00000000 00000000 00000000 00000000 00000000 00000000 00001100 00010100 00010000 01000000 00000011 00000000 00000000 00011010 00000000 00000000 00000000 00001000 
00000001 00000000 00000000 00000000 00000000 11000000 00000000 00000000 00001000 00000000 00000000 00000000 10000000 00001111 00000000 00000000 00000000 00000000 00001110 10000000 00001000 00000000 00000101 00000000 00000000 10000000 00000000 10000000 00001000 01000000 00000000 00000000 00000000 00000000 00000000 00000000 00000000 00100000 00000000 01000000 00111010 00000000 00000000 00000000 01100000 10010001 00000000 00000000 00000000 00000000 00000000 00000000 00000000 00000000 00000000 10000101 00000000 00000000 00000000 11100101 00000000 00000000 10100000 00000000 
00000100 10010000 10100000 00000000 00000000 00010101 00001000 00000000 00000000 00000001 00000000 00000000 00000000 00000100 00001000 00000000 00000100 00000000 00000000 00000000 00000000 00000000 00000000 00000000 00000000 00000000 00000000 00000000 00100000 00000110 00000000 00100000 00000000 00000000 00000000 00000000 00000000 00000000 00000000 00000000 00000000 00000000 00000100 00000000 10000010 01000100 00000000 00000010 00010010 00000000 00000000 10000100 00000000 00000000 00000000 00000000 00000000 00000000 00000000 00000000 00000000 00000000 00000000 00000000 
00000000 00010100 00000000 00000000 00000000 00000000 00000000 00000000 00000000 00000000 00000000 00011001 00000000 00000000 00000000 00000000 00010011 00000000 00000000 00000000 00010001 00000000 00000000 00000000 00000000 00000000 00000000 01000000 00000000 00000000 00000001 00000000 00000000 00000000 00000110 00000100 00000000 01100100 00000000 00000000 00000000 00000111 00000000 00000000 00000000 00000000 10011000 00000000 00010000 00000010 01001000 00000000 00000000 00000000 00000000 00000000 10000100 00000000 00000000 00000000 00100001 00000100 00010100 00000000 
01000000 00000000 00000000 00000000 00000100 00000000 00000000 01000000 00000000 00001010 00000000 00010000 10100000 00000010 00000000 00000000 00000000 00000000 00000000 11001011 10001000 00000000 00000000 00000000 00000000 01000000 00000000 00001000 00000000 00000000 00000000 00000000 00000000 00000000 00000010 10000001 01001000 00000000 00000000 00000000 00010001 00000000 00000000 00010100 00100000 00000000 00000000 00000001 00000000 00000000 00000000 00000000 00000000 00000000 00000000 10000000 00000000 00000000 00000000 00000000 00000000 00000000 00000101 00000000 
10000000 00000000 10000001 00110100 01010001 00000000 01000000 00000000 01001010 00000000 00000000 00000010 00000000 00000000 00001001 00000000 00000000 00000000 00000000 00000000 00000000 00000000 00000000 00001111 00000000 00000100 00000000 00000000 00000000 00000000 00000100 00000110 00000100 00000000 00000000 00000001 00000000 11001000 00000000 10100100 00000000 00000000 00000100 00000000 10010000 00000000 00000000 00000000 00000000 00000000 00000000 00000000 00000000 10000010 00000000 00101000 00000000 00000000 00000000 01000000 00000000 00000000 00000000 00000000 
00000000 00000000 00000000 00000000 00000000 00000000 00000000 10010000 00000011 00000000 00000000 01101100 00000000 00000000 00000000 01000000 00000000 00110100 00000100 00000000 00000000 00000000 00100100 00000000 10000000 01000001 00000000 00000000 01001100 00000000 00000000 00000000 01001000 00000000 00010010 00000000 00000000 00000000 00000000 00000000 00010000 00000000 00000000 00000000 00001100 00000000 00000010 01011000 10100000 00010000 00000000 00000000 00000000 00000010 00000000 00101001 00000000 00000000 00100000 00000000 00000000 01100000 00000000 00000000 
00000000 10001000 00000000 00000000 00000100 00010000 00000000 00000001 00000000 00111100 00000000 00000000 01010000 00000000 00000000 10001001 00000000 01000000 10000001 00000000 00000000 00010000 00000000 00000000 01001000 00000000 00000000 01000000 00100001 00101000 10110010 00000000 00000000 00000000 00010111 00000000 00000000 00000000 01100100 00000000 00000000 00000000 00000000 00000000 00000000 00000000 00000000 00000000 00000000 00000000 00000000 00000000 00000000 00000000 00000000 10010101 00000000 00000000 00101000 00000000 00000000 10000000 11000100 01000011 
00000000 00000000 00000011 00010000 01000000 00000000 00000000 00000000 00000000 00000000 00000011 00000000 00000000 00000000 00000000 00000000 00000000 00000000 00000000 00000000 00001000 00000000 00000000 11010010 00000000 00000000 00000000 00001000 00000000 00000000 00000100 00000000 00000000 10100010 00000000 00000000 00000000 00011010 00000000 00000000 00000000 00110000 00000000 00010000 11000011 00100000 00100100 00001010 00000000 00000000 00000000 00000001 00000000 00000000 00000000 00000000 00000000 00000000 10100011 00000110 00000000 00000000 00000000 10000001 
00000001 00001000 00000000 00000000 00000000 00000000 10000000 00000000 00000000 00000110 00000000 00000000 00000000 00000000 00000000 00000000 00000000 00000000 00000000 00000000 00000000 00000000 00000000 01000101 00010001 00000000 00000000 00000000 00000000 00000000 00010010 10001000 00000000 00000000 00000000 00000000 00000000 00000000 01010000 00000000 00000000 00000000 00100000 00000010 00001000 00000000 00100101 00000000 10001000 00000000 00000000 00000000 00000000 00000010 00000000 00100000 00000000 00000000 01010010 00000000 00000000 00000000 00000110 00000000 
00001010 01000000 00000000 00001000 00000000 00000000 00000000 00000000 00000100 00000000 00000000 00001000 00000000 00000001 00000000 00000000 00000000 00000000 00000000 00000000 01011000 00100000 00000100 10010001 00000000 00000000 01000010 00000000 00000000 00000000 10100100 00010000 00000000 00000000 10001000 00001001 00000000 00000000 00100010 00000000 00000000 10100000 00000000 01000000 00000000 00000000 00000000 00000000 00000100 00011000 00000010 00000000 00101010 00000000 00000000 00001000 00000000 00000000 00000000 00000000 01000100 00000000 00000000 00000000 
00000000 00000000 00000000 00000000 00000000 00100000 10000000 00000000 00000100 11010000 00000000 00000000 00000000 00000000 00000000 00000000 00000000 01100101 00000000 00000000 00000000 00000000 00000000 00000000 10000100 00000000 00000000 00000000 00000000 00000000 00000000 00000000 00000000 00000000 00000000 10011010 00000000 00100000 00000000 00000010 00000000 00010000 00000000 00000000 00000000 00000000 00010000 00000000 00100000 01000010 00000000 00000000 11100011 00000000 00100100 00000000 00000000 00000000 00000000 00000000 00000000 00000001 00000000 00000010 
00000000 00000000 00000000 00000000 00000000 00000000 00000000 00000000 00000000 00100000 00000000 11000001 00010010 00000000 01100000 10000000 00000000 00000000 00000000 00000000 00000000 00100101 00000000 00000000 00000000 00000000 00000000 00000000 00000000 00000010 10010100 00000000 00100000 00000000 00000000 00000010 00000000 00000000 00000000 00000111 00000011 00000000 00000000 00000000 00010000 00001000 10011010 00000000 00000000 10000100 00000000 00000000 00010000 00000000 00000000 11000100 00000000 00000000 00000000 10000000 00010000 00000000 00000000 00000000 
00101000 00000010 00000000 01000001 01000000 00000000 00000000 00000000 00000000 00000001 00000000 00000000 00000000 00000000 00000000 00000000 00000000 10000100 00000000 01010000 00000000 00001000 00110000 00000000 00000000 10000100 01000001 00000000 00000000 00000000 00000000 01010100 00000000 00000000 00000000 00000000 00000000 00000000 00000000 00000000 10000100 00000000 00000000 01000000 00000000 00010001 00000000 00000000 00100001 00000000 00000000 00000000 00000000 00000001 00000000 00000000 00000000 00000000 00001000 00000000 01000000 00000000 00000000 00000000 
00000000 10000000 00000000 00000000 00000000 00000000 00000000 00000000 00000000 00000000 01000000 01001000 00000000 00000000 00000000 00000000 00000000 01000100 00000000 00000000 00001000 00000001 00000000 11100010 00010000 00000000 00000000 00000000 00010000 00000000 00010000 10010000 00000000 00000000 00000000 00000000 00000000 10110010 00000000 00100011 00000000 00001010 10110100 00001101 00100010 00000000 10000000 00000000 00010000 00000000 00000000 00000000 00000000 00000000 10000000 00000000 00000000 00000100 01000000 00000000 00010011 00000000 00000000 00000000 
00000000 00000000 00000000 00000000 00000000 00000100 00000000 00000000 00000000 00000010 00000000 00000000 00000000 00000000 00000000 00000000 00000000 00000000 00000000 00000000 00000001 00000000 00010000 00000000 00000000 00000000 01000001 00000000 00100000 00000001 00000000 00000000 00000000 00000000 00000000 00000000 00011010 00000000 00000000 00000000 10101000 00000000 10000000 00000000 00000000 00000000 00000000 00000000 10000000 00000000 00000000 00000000 00000000 00000000 10000100 00000000 00000000 10001000 00000010 00010011 00000001 00000000 00111000 00000000 
00000000 00000000 00000000 00000000 00000100 00000000 10000000 00000000 10100110 00010000 00000000 01100000 00000000 00000000 00000000 00000000 00110100 00000000 00000000 00010000 00000000 00000000 00001000 00000000 00000000 00000000 00000000 00000000 00000000 10010000 00000000 00000000 00001100 00001000 00001000 00000000 00000000 10000100 00000001 00000100 00000000 00000000 00000000 00000000 00010000 00010001 00000000 00000000 00000000 00000000 00000000 00000000 00000000 00000000 00000100 00000000 00000000 00000000 00000000 00000000 00000000 00000000 00000000 00000000 
00000000 00000001 10000001 00000000 00000000 00000000 00001000 00000000 00000000 00000000 10011000 00000000 00000000 00001001 10000100 00000000 00000000 00000000 00000100 00000000 00000000 00000000 00000000 00010001 00000000 00000000 00000100 00001010 00000000 00000000 00000000 00000000 00110000 00000000 00000000 00000000 00000000 00000000 10000010 00000000 00000000 00000000 00000000 00000000 00000100 00000000 00100111 00000000 00000000 00000000 00100001 11000100 00000000 00001000 00000000 00000000 00000000 00000000 00000000 01001000 10010100 00000000 00000000 00000000 
01100100 00000000 00000000 00000000 00000000 00000000 00000000 00000000 00000000 00000000 00000000 00010000 00000000 00000000 00000000 00000000 00000000 00000100 00000000 00000000 00000000 00000000 00000000 00001001 00000000 00000000 00000000 00000001 00000000 10000000 00000101 10001000 00000000 00000000 00000000 00000000 00000001 00000100 00000000 10000000 00000000 10001011 00000000 00000000 00000000 00000000 00000000 00000000 00000000 00000000 00000000 00001000 00010000 00000000 00000010 00000001 00000000 00000000 00000010 00100001 01010100 00100000 00000000 00000010 
00000000 00000000 00000000 00000000 00000000 00000000 00001000 00000000 00000000 10000010 00000000 00000000 00000000 01000000 00000000 00000000 00000000 00000000 00000101 00000000 00000000 00000000 00000000 00000000 00000000 00000000 00000000 10000010 00000000 00000000 00010001 00100011 00000000 00000000 00000000 00000000 00000000 00010000 00100000 00000000 00000000 00000000 00000000 00000000 00000000 10000111 00000000 00000000 00000000 00000000 00000000 00010010 00000000 11100001 11000000 00000000 10000000 00000000 00010000 00000000 00000000 00000000 00000000 00000101 
00000010 00000000 00000000 00000000 00010000 00000001 00000000 00000000 00000000 01000001 00000000 00100000 00000000 00000000 01000000 00000000 00000000 00010011 00000000 00000000 00000000 00000000 00000000 00000010 00000000 00100101 00000010 00000000 00000000 00000000 00000000 00000000 00000000 00000000 00000000 00000000 00000000 00000000 00010000 00000000 00000000 00000000 00000000 11000010 00000000 00000000 00000000 11011000 00000000 00000000 00000000 00000000 01000000 00000000 00000000 00000000 10000000 00000010 00000001 00001000 00000000 00000000 00000000 00000000 
00000000 00000000 01000000 00010000 00000000 00000000 00000000 00000000 00000000 00000000 01000000 00000000 00000000 10000000 00010000 00100010 00000000 00000000 00000000 00001010 00000000 00000000 00000000 00101000 00001000 00000000 00010000 00000000 01000000 00000000 10000000 00000000 00000100 00000000 00000000 00000000 00000000 00000000 00000000 00000000 00000000 00000000 01010000 00000000 00010000 00000000 00000000 01010010 00000000 00000000 01000000 00000000 00010000 00100000 00000000 01000000 00000000 00000000 00000000 00000000 00101000 00000000 00000000 00000000 
00000000 00000100 00000000 10000000 00000000 00000010 00100100 00000000 00000000 01000110 00000000 00000000 01101010 00010000 00000000 00000000 00000000 00000000 00000000 00000000 00000000 01000000 00000000 00000000 00000001 00000000 00000000 00000000 01110000 10001001 11000000 00000000 00000000 00000000 01000000 00100000 00000000 00000000 00000000 00000000 00000000 00000000 00100101 10001110 00000000 01100000 00000000 00000000 00000000 00000000 10000100 00101001 00000000 00000000 00000000 00000000 00000000 00000000 00000000 01001010 00000000 00100100 00110100 00000000 
10000000 00111000 00000000 00000000 10000000 00000000 00000000 10010001 10110000 00000000 00000000 00000000 00000000 00010000 00001000 00000000 00000000 00000000 00001000 10001000 00000000 00000000 00000000 00000000 00000000 00000000 10100010 00000000 00000000 00000000 00000000 00000000 00111000 00000000 00000000 00000000 00000000 00000000 00000000 00000000 00000000 00000000 00000000 00000000 00000000 00000000 00000000 10000001 00000000 00000000 00000000 00000000 00000000 00000100 00000000 00000100 00010100 00000000 00000000 00000010 00000010 00000000 00000000 00000000 
00000000 10101000 00000000 00000000 00000000 00000000 00000000 00000000 00000000 00000000 00000000 00100001 00000000 00000000 00010000 00000000 00000000 00000000 00000000 00000000 00000000 01000000 00000000 00000000 00000000 00000000 00000000 00000000 10110100 00100100 00000000 00000110 00000000 00000000 00000000 00000000 00000000 00000100 11010000 00000000 00000000 00000000 10000100 00000000 00000000 10000010 00000000 00000000 10000001 00000000 00000001 00000000 00000000 00000000 00000000 00000000 00000000 00000000 00000000 00000000 00000000 00000000 00000000 00000000 
00000000 00000000 00000000 00000000 00000000 00100000 00001100 00000000 00000000 10001100 00000100 00000000 00000000 00000000 00000000 00000000 00100000 10000000 00000000 11000111 00000000 00000010 00000000 00000000 00000000 00000000 00000000 00000000 00000100 00000000 00000000 00000000 00000000 01001000 00001011 00000000 00000000 00000000 01000000 00000000 01001000 00000000 10001000 00000010 00011010 00000000 00010000 10000000 00000000 11010011 00010000 00000010 01000010 00000000 00000000 00000000 00000000 00000000 00000000 00000000 11000010 00000000 00000000 01010000 
00000000 00000000 00000000 01000010 00000000 00000000 00100100 00000000 10000000 00000000 00000010 00000000 01000000 00000000 10100010 00000000 00000000 00100000 00000010 00110000 00000000 00000000 00000000 00011010 00000000 00000000 01000011 00000000 00000000 00000000 00000000 00000000 00000000 00000000 00000000 00010001 00000000 11001000 00000000 00100000 00000000 00000000 00000000 00000000 00000000 00000000 10000100 00000000 00010100 00000000 00000000 00101000 00000000 10000000 00000100 00000000 00000000 00000000 00000000 00001000 00000000 10011001 00010000 00010000 
00000000 00000000 01001100 00000000 00000000 00000000 00000000 00000000 00000000 10010000 00000000 00000000 00000000 00000000 00000100 00000000 10000001 00000000 00000000 00000000 00000000 00000000 00000000 00000110 00000000 00000000 00000000 00000000 00000001 10010011 00000000 00000000 00000000 00000000 00000000 00000000 00000000 00000000 00000000 00000000 00000000 00000000 00000000 10010000 00000000 00010000 00000000 00000000 00000000 10001000 00000000 00000000 00000000 00000000 00000000 00000000 00100000 00000000 00000000 11000100 00000010 00000000 00000000 00000000 
01011000 00000000 10000001 11001001 00000000 11000000 00000000 00000000 00000000 00000000 01000010 00001010 00000000 00000000 00000000 00000001 00000000 00000000 00000000 00000000 00000000 00000000 10000000 00000000 00000000 10100110 00000000 00000000 10100001 00000000 00000001 00000000 00000000 00010000 00000000 00000000 00000000 00000000 00000000 00000000 11000010 00000000 00000010 01000000 00000000 00000000 01010000 01100000 00000000 01010000 00000000 00000000 00000000 00010000 00000000 00000000 10000100 00000000 00101001 01100100 01011100 00000000 00000000 00000000 
00000000 00000000 00000000 00000000 11000010 00000000 00000000 00000000 00000000 00000000 00000000 00000010 00000000 00000000 00000000 00000000 00000000 00000010 00000000 00000000 00010010 00000000 00000000 00000000 00000000 00000000 00000000 00000000 00000000 00010000 00000000 00000000 10000000 00000000 00000000 00000000 01000000 00000000 00000000 00000000 01000000 00000000 01000000 01000000 00110000 00000000 01001100 00000001 00000000 00001000 00000000 00000000 01000000 01110000 00000000 00000000 00000010 00000000 00000000 01010010 00000000 00000000 00000000 00000000 
00000000 10000001 00000100 00000000 00100000 00000000 00000000 00000000 00000000 00000000 00000000 00000000 00000100 00010000 00000000 00000000 00000000 00000000 00001000 00000000 01100100 00000000 00000000 00000001 00000000 00000000 00000000 00000000 00010001 00000000 00000000 00000000 00000000 01000010 00000000 00000000 00000011 00100000 00000001 00000100 00000000 00000000 00000000 00000000 01000010 00000000 00100111 00000000 00000000 00000000 00000000 00000000 00000000 00000000 00000010 00101000 00000000 01100000 00000000 10000000 00000000 00000000 00000000 00000000 
00000000 00000000 00000000 00000000 10110001 10100010 00000000 00000000 00000000 00000000 00010000 00000010 00000000 00000000 00000000 00000110 00000000 10001000 00000000 00000000 00000000 00010010 00000000 00000100 00000000 00000000 00010010 00000000 00000000 00000000 00000001 00000000 10110101 00000000 00000010 00000000 00000000 00010010 00000000 00000000 00000000 00100000 00000000 01000010 00000000 00000000 00000100 00000000 00000000 00000000 00000000 00000000 00000000 00000000 00000000 00000001 00000000 00000000 00000000 00000000 00000000 00000000 00000000 10000000 
