00000000 00000010 00000000 00000000 00000000 00000001 00000000 10000000 00000010 00000000 00000010 00100011 00000000 00000000 00010000 00100000 10100000 00000000 00001000 00000000 00001000 00000000 00000001 00000000 00001000 00000000 00001100 00000100 00000000 00000000 10010000 00000000 00010000 00001111 00000000 00000000 00000110 00000000 00010000 00000000 00000000 00000000 00000000 00000000 00000000 00000000 00000000 00000000 00000000 10100111 00010000 00100100 00000000 00000001 00110100 00000000 00000000 00000100 00010001 00000000 00000000 00000000 00000000 00010000 
10000010 00000000 00001000 00000000 00000000 00000000 00000000 00000000 00000000 10000000 10001000 00110000 00000000 00000000 00000000 11000110 00000000 00000000 00000001 00000000 00010000 00000001 00000000 11000000 00000000 00000000 00010000 00000000 00000000 00000000 01000000 01000000 00000000 10000000 00000000 00000010 10000000 00000000 00000000 00000010 00000000 00000000 00000000 00000000 00001010 00100010 00000000 00000010 00011000 01001001 00000000 00001000 00000000 00000000 00011000 00011000 00000000 00100100 10000000 00000000 00000000 00000000 10000000 00000000 
01100000 00000000 10111000 00000000 00000000 01000000 00000000 00000000 00000000 10010010 00110000 01000010 00000000 00000000 00000000 11100000 00000000 11110001 10100000 00000000 00000000 00000010 00000000 00000000 00000000 00010000 10000000 10000000 00000000 01100000 10000000 00000000 01000001 00000000 01000100 00010000 11011011 00000000 00000000 10100001 11100010 00000000 00000000 00000000 00000000 01110000 00000000 00000000 00000000 00000000 00100010 00000000 00000000 00100000 00001000 00000000 00000000 00000000 00001000 00000000 00000000 00000000 00000000 00000001 
00100000 00000000 00000000 00000000 00000100 00000000 00000000 01100000 00000000 00000000 01000000 00101000 00000000 00000000 01000100 11000011 00000000 01000001 00000001 00000000 00000000 00000000 00000000 00000000 00000000 00000000 00100101 00000010 00000100 00000000 11010000 00000000 00000000 01000100 00000000 00000000 00011101 00001010 00000000 00000010 10000000 00000000 00000000 00000000 00000000 10101100 00000000 00000000 11000000 00001101 01101001 00000000 10000000 00000000 00000000 00000000 00100000 00000001 00010000 00000000 00000001 00000000 00000000 00010000 
00000100 00000000 10100100 00000000 00000000 00000000 00000000 00000000 00000000 00010000 10000000 00000000 00000000 00010100 00000000 00111001 00000000 01111000 00000001 00000000 00000100 00010000 00000000 00000000 00100000 00000000 10000100 00010000 00010000 00010010 00010000 00011100 00000000 00000010 00000100 00000000 00001100 00000000 00000000 00010000 00000000 00000000 00000000 00110010 00000000 00000000 11000000 00000110 00000000 00000000 00000000 00000000 00000000 00000000 00000000 00010000 00000000 00000000 01000010 00000000 10000000 00000000 00000000 01001001 
00000000 00000000 10100000 00000010 00000000 00000000 00000000 00000010 00000000 00000000 00000000 00000000 00000000 00000010 00000000 11001100 00000000 00100000 00000001 00000000 00100000 00010000 00000000 00000000 00000000 00000000 10000010 10010110 00000000 00000100 00010000 00000000 11100000 00010100 00001010 00000001 10000000 00000000 00000000 01100000 10001000 00000000 00000000 00000000 00000000 00000000 00000000 00000000 00000000 00110010 01011001 00100010 00100000 01100000 10000001 00000010 00000000 00000000 00000000 00000000 00001000 00100000 00001000 00000000 
00000000 00000000 00000000 00000000 00010000 00000000 01000000 00000100 00100001 00000000 00001110 10010000 00000000 00010000 00000000 00001011 00110000 00000000 00011000 00000000 00000000 00000000 01000000 00000001 00000000 00000000 01111100 00000010 00000000 00100000 00000000 00000000 01000000 00000000 00000000 00000000 00000010 00000000 00000000 00000000 10000000 01000100 00000000 10000111 00100000 00010010 00000100 00000000 00000000 00001010 10000001 01001011 00000010 00100000 00001000 00001001 00000000 00000000 00000000 00000000 00000000 10010000 00000000 00100000 
01100000 00000000 00000000 00000000 00000000 10000000 01001000 00000000 10000000 00000100 00000000 10000000 00000000 00001000 00000000 10000000 00000000 00000000 00000010 00000000 00000000 00000000 00000000 00000000 00001000 10000000 11011111 00000000 00000000 00100000 01111111 00000000 00000000 00000000 00001000 00000000 00000000 00000000 00000000 00000000 00000001 00000000 00000000 00000000 00000000 00000000 00000100 00000000 00110000 01101000 00000000 00000000 00000000 00000000 00101010 10000000 00000000 11001000 10010000 00001000 00000000 00001000 00000001 00111000 
11000100 00000000 01001000 00000000 00000000 00000000 00000000 00000100 00000000 00000000 00001111 10100010 00000001 00000000 00000000 00000000 00000000 00000001 00000000 00000000 00000000 00000000 00000000 00000000 00001000 00010000 10000000 10000000 00100000 00100000 00000000 00000000 00001000 00000000 00001100 01100010 11011011 00000000 00000000 00000010 00000000 00000000 00000000 00000001 10000011 10001101 00000000 00000000 00000000 10001000 00000000 00000000 00000000 00000000 01000000 00000000 00000000 01000000 00101000 00000000 00000000 00000000 00000000 00000000 
00001000 00000000 00000000 10000100 00000000 00000000 00000000 00000000 00000000 00000000 00000001 00000000 00000000 00111010 00000000 00000000 00000000 00000000 01010001 00000000 00000000 00000100 00000000 00000000 00000000 00000000 00000000 00000000 00000000 00000000 00000000 00000000 01000000 00000000 00000000 00000000 00000010 00000000 00000000 00000010 00000000 10001001 00000000 00000000 00001001 10000000 00000000 00000000 01100000 00000000 00000100 00000000 00000000 00011101 01000001 00010000 00000000 00000000 00010110 00000000 00000000 11000000 00000000 00100000 
00000000 00000000 00000000 00000001 01000001 00000000 00000000 00000000 00000000 00000010 00100000 00000000 00000000 01000111 01000110 00010001 00000000 00000000 01001010 00000000 00000000 00000000 00000000 00000000 01000000 00000000 00100100 00101010 00000000 00000000 00000100 00000000 00100000 00000010 00000001 00000010 00011001 01000000 00000000 01000000 00000000 00000000 00000000 00000000 00000000 00000000 00000000 00000000 00100000 00011001 00010000 00001000 00000001 00000000 10101110 00100101 00000000 10001001 10000000 00000000 00000000 00001001 00000000 00010000 
00000000 00000010 00000000 01000000 00000000 00000000 00000000 01000000 00000000 00000000 00000000 00000000 00000000 00000000 00000000 00001000 00000000 00000000 00001000 00000000 00000000 00110000 00000000 00000000 00000001 00000110 00000010 00000000 00000000 00000000 00000000 00000000 00110011 00000000 00000110 00000100 00111000 00000000 00000000 01100110 00000100 00000000 00000000 00000000 00010000 00110100 01101010 00000000 00000000 01100010 01001000 00000000 00100000 01100100 01000000 01000000 00000000 00000100 01000100 00000000 00000000 01000000 00000000 00000000 
00000010 00000000 00000000 00000010 00010000 00000000 00101100 00000000 00000000 00000000 01000000 10001000 00000000 00000000 00001000 00000000 00000000 00100000 00000000 00000000 00000000 00000001 00000000 00000000 00000000 00000000 00000000 00000000 00000000 00000000 00000000 00000000 00000000 00000000 00010000 00000100 00011000 00101000 00000000 01000000 00000010 00000000 00000000 00100000 10010000 11000000 00010000 00000000 00000000 11111101 00000000 00000000 00000000 01000000 10010101 00110001 00000000 00000001 01100011 00000000 10010001 00000000 00001001 00000001 
01100000 00000000 00000000 00000000 01000000 00000000 00000000 00000000 00000000 00000000 00001001 00001001 00001000 01000000 00000100 01110101 00000000 00100000 01000010 10000000 00000000 00000000 00000000 00000000 00000100 00000001 00000000 00000000 00000000 00000000 00000000 00100100 00000000 00000000 00000000 00000000 00010000 00001000 00000000 00000000 10110000 00010001 00000000 00100001 00000010 00001001 00010000 00100000 01110001 00001110 10000000 00000000 01000010 00000000 00000000 00000010 00000000 00000000 10111001 00000000 00000000 00000000 00000000 00000100 
01000000 00000000 00000000 00001000 00000000 00000000 00000010 00000000 00000000 00000000 01000000 01000001 00000000 00000000 00100000 01000111 00000000 00000000 00001000 00000000 00000000 00010000 00000000 00000000 00000000 00000000 00100110 00000000 00000100 00000000 00000000 00000000 00001000 00000100 00000000 00000000 01101100 00000000 00000000 00100000 00000010 00000000 00000000 00000000 00000000 10000000 00111000 00000000 00000100 01000010 00001010 00000000 00000000 00000000 00000101 00010000 00000000 00100000 00010010 00000000 00000000 00011001 01000100 00010100 
00000000 00000000 01001110 00001000 00000000 00000010 00000000 00001000 00000000 00000000 00000000 01100000 00000000 00000000 00000000 00000000 00000000 00000000 00000000 00000000 00000000 00000000 00000101 00000000 00000000 10000000 00011100 00000000 00000000 00000000 00001111 00000000 00000010 00000000 00000000 00000000 00000000 00000010 00000000 00000000 00000000 00000000 00000000 00000000 00000000 00100000 00000000 00000100 00001000 00001000 00000000 00001000 00000000 00000000 10000000 01000000 00000000 00111100 00000000 00000000 00000010 00001000 00000000 10001000 
00000001 00000000 00111010 00000000 00010000 00100000 10000000 00000000 00000000 00000000 00000000 00010000 00000000 00000000 00000000 00000000 00000000 00000000 00000000 00000000 00000000 00000000 00000000 00000000 10100000 00000000 01000000 00000000 00000000 00000000 00001000 01000000 10000000 00000001 00100000 01101000 00000000 00000000 00000000 00000000 00000110 00000000 00000000 00000000 00000000 00000000 00000000 00000000 00101000 00000000 00000000 00000000 00000000 00000000 01000000 00010010 00000000 00000000 00000000 00000000 00000000 00000000 00000000 00111000 
00000000 00000000 00000000 01000000 00000000 00000000 00000000 00000010 00000000 00000000 10000000 00000000 00010000 00000010 00000000 01000100 00000000 00000100 00000000 00000000 00000000 00010000 00000000 00000000 00000000 00000000 00000000 00000000 00000000 00001000 00000000 00000000 00000000 00000000 00000000 00000001 00000000 00000000 00000000 00000000 00000000 00000000 00000000 00000000 00000000 00000000 10000000 00000000 10000000 00000000 00000000 00000010 00000000 00001000 10000010 00000000 00000000 00000000 00000000 00010000 01100001 00100000 00000100 00000110 
00010000 00000000 00110010 00000110 00000000 00000000 00001000 00000000 00000000 00000000 00010011 00000000 01000010 00000000 00000000 00000001 00000000 00000000 00010000 00000010 00000000 10000110 00000000 00000000 00000000 00000000 00000000 00000000 00000000 00000000 10000000 00010000 00000001 00000000 00000000 01000000 00001000 00000000 00000000 00000000 00000010 00000000 00000000 00000000 00000000 01100000 00000000 00000001 00001000 00100100 00000000 10011001 00111000 00000010 00000000 00000000 01000000 00000000 00000000 10000000 00000000 00000000 00000000 00110010 
10100010 10000000 00000010 01000000 00000000 00000000 00000001 00000000 00000000 00000000 00100000 00000001 00000000 00000000 00000000 01010000 00000000 00000000 00100000 00000000 00000000 00000000 00000010 00000000 01000100 00000000 10011100 01100001 00000000 00000001 00000000 00000000 00001000 00000000 00000000 00000000 01010000 00000000 00000000 00000000 00010000 00000000 00000000 00000000 00000000 00000101 01000000 00001000 10000100 10110110 00000000 11001110 00000000 00001000 00010011 00010000 00000000 00001000 01100010 00000000 00000000 01001000 00000001 00110000 
00000000 00000000 00100000 00000000 00000000 00000000 00000000 00000000 00000000 00000000 00010000 00111100 00000000 00000000 10000000 01100000 00010000 00000000 00000000 00000000 10010000 00000000 00000000 00000100 00000010 00000000 00000010 00000000 00000000 01010100 00000000 00000000 00000010 01100000 00000000 00000000 11100011 00000000 00000000 00000000 00000000 00000000 00000000 00000000 00000000 00000010 00000000 00000000 00001000 00011011 00110100 00000000 10010000 00000000 00000000 00000000 00000000 11100001 00000000 00000000 00100000 00100000 01000000 00000110 
00010000 00000000 01011011 00000101 10000000 01000000 00000000 01000000 00010001 00000000 00000000 00000001 00000000 00000001 01001100 00000000 00000000 00000001 00000010 00000000 00000000 00000000 00000000 00000000 00000000 00000000 10000000 00000000 00000000 00000000 00000100 00000010 00000000 00000000 00000000 10000000 00000000 00100100 00000000 00000000 00000100 00000100 00000001 00000000 10010000 00000000 00000110 00000000 00000110 00000110 00000000 00000000 10000100 00010000 00001111 00000100 00000000 00000000 00001000 00000000 00100000 01010000 00001100 00000000 
00010000 00000000 00000000 00000000 10001001 00000010 00000000 00000000 00000000 00001000 00000100 00000010 00000000 00000000 00000000 11111101 00000000 11111010 00101010 00000000 00000000 00000000 00000000 00000000 00000000 00000000 00010001 10010010 00000000 00100000 00000000 00000000 00000000 00000000 00100000 00100001 00000000 00000000 11001000 00000000 00000001 00000000 00000000 00000000 00000000 00000000 00000000 00000100 00000000 01100000 00000001 00000000 00000000 11000100 01110010 10100010 00000000 00000000 00000000 00001000 00000000 00000000 00000000 00000000 
00000001 00000000 10100000 00000000 01000000 00000100 00000000 00010110 00000000 00000000 00110000 00000000 00000000 00000000 00000000 01000010 00000000 00000000 00000000 10000000 00000000 00000000 00000000 00000101 11001000 00000000 00000000 00000000 00000000 00000000 00000000 00000000 00000000 00000000 00000000 00000000 00000000 00000000 00000000 00000000 00000101 01001000 00000000 00001000 00000000 00001110 00000000 00000000 10001111 00001100 00000000 00000000 00000000 00000000 00110000 00001001 00000000 00000010 00001000 00000000 00000000 00000000 00000000 00001010 
00000000 00000000 00000000 01000000 01000001 00000000 00000000 00000000 00000000 00000000 00000100 00010000 00000000 00000000 00000000 00000110 00000000 00000000 01000100 00000000 00000000 00000000 00000000 00000000 00000000 00000000 00100100 00000010 00000000 00011010 00000000 00000000 00000000 00000000 00000000 00000000 00000000 00000000 00000000 00100000 00001000 00000000 00000000 00000000 00000000 00000000 00000000 00000000 00100101 10101101 00000000 00000000 00000000 00000000 10000000 00000000 00000000 00000001 10000000 00100001 01000001 00100000 00000000 00000000 
00011111 00100000 00011100 00000000 00010000 00000000 00100001 01000000 00000000 00000000 10000000 01001100 00000000 00000000 00000000 01000000 00010001 01000000 00000000 00000000 00000000 00000000 00000000 00000000 10100000 00000000 00111000 00011001 00000000 00001000 01001011 00000000 00000000 00000000 10010011 00000100 00010000 00000010 00000000 00000000 00000000 00000000 00000000 00000000 00000000 00001000 00000000 00000000 00000000 10110111 00011010 00001100 00000000 11000000 00000000 01001000 00000000 00000100 00000000 01000001 00000000 00000000 01000101 00000001 
00000000 00000000 00000000 00000000 00100000 00000000 00000000 00010010 00000000 00000000 00000000 00100000 00000000 10000000 00000000 00000000 00000000 00000000 00000000 00000000 00000000 00000000 00000000 00010000 00000000 00000000 00010000 00000000 00000001 00000000 00000000 00000000 00000000 00000000 00000000 00010000 00000000 00000000 00000000 00000000 00000000 10010000 00000000 00000000 00000000 00000010 00000000 00000000 00000000 00000000 01010000 10000010 00000000 00000000 00010100 01000000 00000000 00000000 00000000 00000000 00000000 00000000 00000000 00101001 
00000000 00000000 00010000 00000000 00000000 00000000 00010111 11000001 00000000 00000000 10010101 00000100 00000000 01000000 00001000 00010100 00000000 00000000 10000000 00100000 00000000 00001000 00000000 00000000 00000000 00000000 00000000 10101100 00000000 00000000 00100000 00000000 00001001 00000000 00000000 00110001 00000010 00000000 00000000 10001000 00000001 00000000 00000000 00000000 00000001 00000001 00000000 00000000 10010000 00010000 00000011 00000000 00000000 00000000 00001010 00100000 00000000 00000000 00100000 00000000 00000010 00000000 00000000 01100011 
00000000 01000000 01000000 00000000 00000000 00001000 00000000 00000010 00000000 00000000 00000100 00000000 00000000 00110010 00000000 00000000 10100000 00000000 01100110 10000000 00000000 00000000 00000000 00000000 00000000 00000000 10100010 00000000 00001000 00000000 00000001 00000000 00000101 00000000 00010010 00000000 00100000 00000000 00000000 00000000 00100001 00001000 00000000 00000001 10100000 00000001 00000000 00000000 01000000 01000000 00010000 00000000 00000100 00000000 01000000 00000000 10000000 00000000 00000000 01011101 00000000 00000000 00000000 00000001 
11101100 00000000 00000000 00000000 00000000 00000000 00000000 00000000 00000000 01000000 00100001 00000100 00000001 00000000 00000000 00010010 00001000 00000000 00000000 00000000 00000000 00000000 00000000 00000000 00010110 00000000 00000000 11110000 00000000 00000000 11110100 00000000 00000000 00000000 10110000 01000001 00000000 00000000 00000000 00000000 00000000 00000000 10000000 00000000 00000000 00000000 00000000 00000000 00000000 00011100 00000000 00001111 00000000 00000000 00010100 00000010 00000000 00000000 00000000 00100000 00000000 00011000 00000000 00000000 
00000000 00000000 00000000 00000011 00000000 10000000 00000001 00000000 01000000 00000000 00000000 00000000 00000010 00100000 00000000 10100001 00000010 00000000 00000000 00000000 00000000 00000000 00000000 10000000 00000000 00000000 00100000 00000000 00000000 00000000 11110000 00000100 00000000 00000000 00000000 00001000 00000000 00000000 00000000 00001000 00000000 00000000 00000000 00010000 00000001 00000000 00000000 00000000 00000001 00010000 00100000 01010010 00000000 10011010 10001010 00000000 00000000 10010000 00000000 00010000 00000000 00000000 00000000 00000000 
00000000 00100000 00000100 00001010 00000000 00000000 00000000 10000000 00000000 00000000 00100000 01001001 00100000 00000100 00000000 00000000 00000000 00010000 00000100 00000000 00000000 10000001 00000000 00000000 01000000 00000000 00000000 00010000 00000100 00000000 10010000 01001000 00000000 00000000 00000000 00000000 00000000 00000000 00000000 00000000 00000010 00000000 00000000 00000000 00000000 10000010 00100000 10000000 00100000 00000001 00000000 00000000 00000000 00000000 01000100 00000000 00000000 00000000 00100100 00000000 00000000 00000000 00000000 00001100 
00000000 00000000 00000110 00101001 00000000 00000000 00000000 00100000 00000000 00000000 00100000 11000100 11010100 00000100 00000000 00101000 00000000 00000000 00000000 00000000 00001010 00001000 00010000 00100000 00000000 00000000 00101000 01000100 00001000 00000000 00000000 00000010 00010000 00000000 00000000 01010000 00000000 10000101 00000010 00000000 00000000 00000010 00000100 00000000 00000000 00100001 00000000 00000000 00001010 00110100 00000000 00000000 00000000 00000000 10011001 00000100 00000000 00000000 00100000 00000000 00010011 00000000 00000000 01000001 
00000010 00000000 00000010 00111011 01000000 00000001 00000000 10001000 00000000 00000001 00000010 10000000 00000000 00000001 00001000 00000000 10000000 00001000 00000000 00000000 00000000 00000000 00000000 00000000 00100000 00000000 11110111 10000001 00000000 00000000 00000000 00000000 00000000 00000000 00100000 00000000 00000000 00000000 00000000 00000000 00000000 00000000 10000000 00010010 00000000 00000001 00000000 00000000 00001010 00110000 00000100 01001001 10001000 00000000 00001010 11010010 00000000 00000000 10000001 00000000 00000000 00010100 10000000 00000000 
10100101 00000000 00110101 01001000 00000100 00000000 00000000 01010000 00000000 00000000 00000000 00000000 00000010 00000000 00000000 01011000 00000000 00001101 00000000 00001000 00100000 00000000 00000000 00000000 10000100 00000000 00001011 00001000 00000000 11010011 00000001 00000000 00000000 00000000 00000000 00000000 00010011 01000000 00000000 00000000 00001010 00000000 00000100 00000000 00000000 00000000 00000000 00000000 00001000 11110010 00000000 00000000 00000000 10000000 00010000 00001001 00000000 00000000 01110001 00000000 00000000 00100000 00000000 00000000 
10001100 00000000 00000000 00001000 00000000 00000000 00100000 00000000 00010000 00000000 00000000 00000100 00000000 00001000 01000000 00001000 00000000 00100000 00000000 00000000 00000000 00000000 00000000 01000000 00000110 00000000 01000000 01001111 00000000 00110000 00000000 00000000 00000000 00000000 00000000 00000000 00111100 00000000 00000000 00000000 00000000 00000000 00000000 10000000 00001000 01000110 00100000 00000000 00000000 00000010 00100000 00010000 00000000 00000000 00000000 10000000 00010110 00000000 00000000 00000000 01000010 00000000 00000000 00000000 
10000000 00000000 00000000 00010000 00000000 00010000 00000000 00000010 00000000 00000000 00000000 00100101 00000010 00010000 00000001 10000000 00000000 01010001 00000000 00000000 00000000 00000000 00000000 00010000 11000000 00000000 00000001 00000000 00000000 00000000 00001000 00000000 00001000 00000000 00000000 00000000 01110010 00000010 00000000 00000000 10000000 00000010 00000000 00000000 00000000 00010000 00000000 00001000 00000101 00110100 00000000 00000000 10000000 01001100 00110000 00000100 00000000 01000000 00000000 00000000 00000000 00000000 00000000 00000000 
00000101 00010000 00001000 10000000 00000000 00000000 00000000 00000000 00000000 00000000 00000000 10000000 00000100 00000000 00000000 01010010 00000000 00000100 00000000 00000000 00000000 00000100 00000000 00000001 00000000 00000000 00000100 10000000 00000000 00000000 00000000 00000000 00000000 00000000 00000100 00000000 00010000 00000000 01001000 00000000 01000001 10000000 00000000 00000000 00010000 10000001 00000000 00000000 00000000 01100110 00000000 00100011 00000000 00000000 10000001 00000000 10000000 00000000 00011010 00000000 00001000 00010000 01000000 01101101 
00000001 00000000 00000001 01000011 00000000 00000000 00000000 01000001 00000000 00000000 11010010 00101000 00000101 00000000 00011000 00000000 00000000 00000000 00001000 00000000 10000000 00001100 00000000 00000000 00000000 00000000 11100000 00000000 00000000 00000000 00000000 00000000 00000000 00000000 01000000 00001010 11000000 00000000 00000000 00000000 00000010 00000000 00000000 00000000 00000000 00101000 00000000 10000000 00000000 10110001 00010000 00000000 00000010 00000010 01101110 00000000 00000000 00000000 01010100 00000000 00000000 00000001 00000000 01000010 
11011101 00000000 00100000 00000000 00000000 00000000 01000000 00000010 00010000 00000000 00010001 00100000 00000000 00000000 00000000 10011001 00000000 11000000 00000000 00000000 00100000 00000000 00000000 00000000 00010001 00000000 00000000 00110010 00000000 00000000 00000010 10001000 00001000 00000000 01000000 00000000 00000101 00000000 00000000 00100000 00000000 00000000 00000000 00000000 00000000 00000000 00000000 00000000 00110100 00111001 00000000 00000010 01000001 00101101 01010000 00000000 00000000 00100000 00000000 10000001 00000000 00000000 00000000 00000000 
00001100 00000000 00000000 00000001 00000100 00000000 00000000 00000000 00000000 00000001 00000000 00000010 00000000 00110000 01000000 10011000 00000000 10000101 00010010 00000000 00000000 00000000 00000001 00000000 00000101 00000000 00000000 00100000 00000000 00000000 00100000 00000000 00000000 00100000 00100110 00100010 00100001 00000000 00000000 00000000 01010000 00000000 00000000 00000000 00000000 01100001 00000000 10000000 00000000 00100000 01000001 00000000 00000000 00100000 00101001 00000000 00000000 00000010 10101000 00000000 00000000 00100000 00000000 00000101 
00000000 00000000 00100000 10000000 00000000 00000000 10000000 00000000 00000000 00000000 00000000 00000010 10000000 00000000 00000010 01000000 00000001 00000000 11000000 00000000 00010000 00000000 00000000 00100000 01100000 00000000 00000000 00010000 00000000 00000000 00000000 00000000 00000000 00000100 00000000 00000000 00100010 00000000 00000010 00000000 00000100 01000000 00010000 00000000 00001100 00000000 00000000 00000001 00000000 00010010 00000011 00000000 00000000 00000000 11100000 00011000 00000000 01001001 00001001 00010000 00000000 00000000 01000000 01110000 
00000000 00000000 11010101 01000010 00000000 00000000 00000001 00000000 00000000 00000000 00000000 00000010 01101000 00000000 00000000 00000000 00000000 00000000 00000000 00000000 00001000 00000000 00000000 00000000 00011000 00000000 00000000 00000000 00000000 00010000 00000000 00000010 00000000 00000000 01000000 00000011 00000000 00000000 00000000 00000000 00000000 00000000 00000000 00000000 00000000 00000000 10000000 00000000 00000000 00000000 00000000 11100010 00000000 00000000 00000000 00000000 00000000 00001010 00000000 00000000 00000000 00000000 00000000 00000000 
01000000 10000000 00010100 00001000 00000000 01110010 00001000 00000000 00000000 00000000 00110001 00000000 00000100 01000100 11010001 00000000 00000000 00010100 00001000 00000000 00000000 00000000 00100000 00000000 00000000 00000000 00100101 00000000 00000000 00000100 01000000 00000110 00100101 00000000 00000000 00000010 00000000 00000000 00000000 00110000 01000100 10000100 00001000 00000000 00010100 00000000 00000000 00000000 00010001 01000100 00000000 00011100 00000000 00000000 11010110 00000100 00000000 01101000 00000000 10000000 00000000 00000000 00000100 01000000 
00100111 00000000 00000000 00000000 00000000 00100000 01010000 01000001 00000000 00000000 00000101 00111101 00000000 00001100 00000000 00000000 00000000 00001000 00000000 00000000 00000000 00000001 00000000 00000000 00000000 00000000 00000000 00000000 00000000 00000000 00000000 00000000 00000000 00000011 00000000 00010000 00101001 00000000 00000000 00000000 00000000 00101100 00000000 00000000 00000000 00000000 00000000 00001000 00000000 00001000 00000001 00000000 01000000 00000110 00000000 01001000 00000000 00101001 00000000 11001000 00000000 00100000 00000000 00000010 
00110000 00000000 01001000 00001001 00000000 00000000 00000000 10000000 00000000 00000000 00000000 00000000 00000001 00000000 10000000 00000000 00000000 00001100 00101100 00000000 00000000 00000000 00100010 00000000 00000010 00000000 00001101 00000000 00000000 00000000 00000000 00000000 00000001 00000000 00000000 00000000 01000000 00000001 00000000 00000000 00000100 00001000 00000000 00000001 00000000 11000100 00000000 10000000 00101010 00000110 00000001 00000000 00000100 00000000 10000000 00000001 01000000 11000100 00000101 00000010 00000000 01000001 01000100 10010000 
00000000 01000101 00100010 00100000 00000000 00000000 00000000 00000000 01000000 00000001 10000100 01010000 00000000 00000000 00000000 00000000 00000000 00010100 01010100 00000000 00000001 00000000 00000000 00000000 00000001 00000000 00000000 00010000 00000000 00000000 00110111 00000000 01001000 00000000 00000000 00000000 00000000 00000000 00000000 01100000 00000000 00000000 00001000 00000000 01000000 00000000 00000000 00000000 00010000 11011100 01000000 10001000 00000000 00110000 00000000 00000000 00000000 00010010 01001110 00000000 00110010 00000000 00000000 00000100 
00000000 00000000 00010000 10000000 00000000 00000000 00000000 10000000 00000000 00000000 00000000 00000010 10010000 01100000 00000000 01001000 00000000 00000000 10000000 01000000 00000000 01000000 00000000 00000000 00000000 00000000 10000100 00000000 00100000 00000001 00000000 00000000 00000000 00110000 00000000 00000000 10000011 00000000 00000000 00000000 00000000 00100110 00000000 00100000 00000000 00100000 00000000 10000000 01010110 00000000 00000000 01100010 00000000 00001000 10000000 00100000 00000000 00000001 00010000 00000000 01000000 00000000 00100000 00000000 
01100000 00000000 00100000 00000000 00000000 00000000 00001000 00000000 00000000 00000000 00000000 00000000 00000000 00001000 00011110 00100001 01001000 01000000 00000000 00000000 00000000 00000000 00000000 00000000 01001000 00000000 11000000 11101100 00000000 00100010 00000110 00100000 00000000 00000110 01000000 00001000 01100000 00000000 01000000 00000000 00001000 00000000 00000000 00000000 00000000 00010011 00000000 00000000 00000001 11111110 00000000 00000000 00000000 00100010 01000100 00100010 00000000 10110000 00000011 00000100 00000000 11000000 00100000 10000001 
00001000 00000000 00000000 00000000 00000000 00000000 00000000 00000000 00010000 00000000 00010000 00000010 00000000 00000000 00000000 00000000 00000000 00000000 00001000 00000000 01000000 00000000 00000000 00000000 00000000 00000000 00000000 00000000 00000000 00000000 00001000 00000000 00000100 00000000 00000000 10000010 00000000 00000000 00000000 00000000 00000011 00010000 00000000 00000000 00000000 00000000 00010000 00000011 01011001 00000000 00000011 01000011 00000000 00001000 01000001 00000010 00000000 00000000 00010000 00000000 00000000 00100000 00000100 01000000 
01111100 00000000 00100000 00000000 10000010 00000000 00000000 01000000 00000000 00000000 00010100 00010000 10010100 00000000 00001010 00000000 00010000 00000000 00000010 00000000 00000000 00000001 00000000 00000000 00000000 00000000 00000001 00000001 00010000 10011000 01010000 00000000 00000100 00001000 00000010 00000000 00000000 00000000 00000000 00000100 00000000 00000100 01000000 00100000 00000010 00101111 00000000 00000011 00001100 00000000 00100011 00100000 00000000 00001000 00000000 00100000 00000100 00000000 00000100 01001000 00000000 00000000 00000000 01100001 
01000110 00000000 00000000 10000000 00000000 00000000 00000000 00000000 00100000 00000000 00000000 01111001 00000000 00000000 00000000 00100000 00000000 00000000 00000000 00000000 00100000 00000000 00000000 00000000 00001000 00000000 00000000 00000000 00000000 00000010 00000000 00000000 00000000 00000000 01000000 00000000 00100011 00000000 00000000 00100100 00000000 00000000 00000010 00000000 00000000 00000000 00100000 00000000 00000000 10011000 01000000 00010100 00000000 00100000 00001000 00000000 00000000 00000000 00110000 00000000 00000000 00000000 00001001 10000101 
00000000 00000000 00011010 00000100 01011000 00000000 00000000 00000000 00000000 00000000 01000000 00000001 00000000 00000000 00000000 10000000 00000000 00000000 00000000 00000000 00000000 00000000 00000000 00000000 00100000 00000000 00000000 00000010 00000000 00000000 00000010 00000000 00000000 00000000 00000000 00000000 10010100 00000000 00000000 01000000 01011100 00010010 00000000 00000000 00000000 00100100 00000000 00000000 10010000 01000000 00101101 11000000 00000000 00000000 00000001 00000000 00000000 00010000 00000000 00101000 00000000 00000000 10000010 00000110 
01100010 00000000 00000000 00001000 00000000 00000000 00000000 00000001 00000000 01000000 10001000 00000100 00000000 00000000 00000000 00000000 00000000 01100000 00100000 00000000 00000000 00000010 00000000 00000000 00000000 00000000 00000000 00000000 00000000 01000000 00000000 00000000 00010001 00000000 00000000 00010000 01111110 00000000 00000000 00000000 00000000 01000000 00000000 00000000 00000000 00001000 00000000 00000000 00100010 10010001 00100100 00001001 01100010 00000000 11000000 00000000 00000100 00000000 00000000 00000000 00000000 00000100 00000000 00000000 
00000000 00000000 00000100 00000010 00000000 00010000 00000000 00000000 00000100 00000000 00000000 00101011 00000000 00000000 01010001 00000001 00000000 00000001 00000000 00000000 01000000 00010000 00000000 00000000 00001010 00000000 00000000 00001100 00000000 01000000 00100000 00000000 00000000 00000000 00000000 00001000 11101110 00001000 00100000 10010000 00000000 00000000 00000001 00000000 00000100 00011010 00000000 00010100 01000011 00100010 00000110 00000000 00000000 00000000 10000000 00000000 00000000 00000000 00000000 00010000 00100000 00000000 00000000 00000000 
00000000 00000000 00100001 00000000 00000000 00110000 00000000 00000000 00000000 00000000 00000010 10010000 10000000 00000000 00000000 00100010 00000000 10001100 00000000 00000000 00000000 00000110 00000000 00000000 00110000 00000000 00100000 00010010 00000000 00000000 00010011 00000000 00000000 01000000 00000000 00000000 00000000 00000000 00000000 00000000 00010000 00000000 01000000 00000000 00000010 00000000 00000000 00000000 01000000 01101111 00000000 00000100 00000000 00000000 00001000 00000010 00000000 00010000 00000000 00000000 00000000 00000000 00000000 00000010 
00000000 00000000 00000000 00010000 00001000 00000000 00000000 10000000 00000000 00000000 10010000 00000000 00000000 00000000 00000000 00000000 00000001 01000000 10000000 01001000 00000000 00000000 00000000 00000000 00000000 00000010 00000000 00010101 00000000 00000000 00000000 00000010 00000000 00000000 00001000 01101000 00001000 00000000 00000000 00000000 00000000 00010111 00000000 00000010 00001000 00000000 00100000 00000000 00000000 01100010 10000010 00000010 00000000 00000000 00100100 00000000 00000000 00000000 10100000 00000000 00000000 00000000 01001100 10001100 
00000000 00000000 00000000 00000000 00000000 00000000 00001000 00000000 00000001 00000000 00000000 00100001 00000000 00000000 00000000 01001000 00000000 00000000 00000000 00000000 10001000 00000000 10000000 00000000 00000000 00000000 00000000 00000000 00100000 00000001 00000010 00000000 00000000 00000000 00000000 00000000 00000000 00000000 00000000 00000100 01000000 00000000 00000000 00000000 00000000 00000000 00000000 00000000 00000000 01011000 00000000 00000000 00000000 00000000 10110000 00000000 00000000 00001000 00000000 10000001 00000000 00000001 00001001 00100010 
00000001 00000000 00000000 00000000 00000000 00000010 00000000 00000000 00100000 00000000 00000000 00000000 00000000 00000000 00000000 10000000 00000000 00000000 00000000 00000001 00001010 00000000 00000000 00000000 00000010 00000000 00000010 00000000 00000000 00000000 00000000 00000000 00000000 00000000 00000001 00000000 00000001 00000000 00000000 00000000 00010011 00100000 00000000 00000000 00000000 01000000 00000000 00011000 00000000 01100111 00100000 01100000 00000000 01100000 00000010 00000000 00000000 00000000 00000000 00000000 00000001 01001100 00000100 00000010 
11101101 00000000 00000000 00100000 00000001 00000000 00000000 00000000 00000000 00000000 00100000 00000000 00000000 00010001 00000000 00000000 00000000 00000000 10000000 00000000 00000100 00000000 00000000 00000000 00000000 00000000 00000000 11101110 00000000 00000000 01001001 01010000 00000000 00000000 00010000 10000100 00000001 00000000 00000000 00000000 00000101 00010000 00000000 01000000 00000000 00010000 00000000 00000000 11001001 01001011 00000000 00001000 00010000 00000000 00000000 00000000 00000000 00001001 01001100 10010000 00000100 00000000 01000101 00000010 
00000000 00000000 00001000 01101000 00000000 00000100 00001000 01100000 00000000 00000000 00001000 00000010 10001010 00010010 00000000 00000110 00000000 00000000 00000010 00000000 00000000 00000000 00000000 00000000 00000000 00000001 10010000 00000010 00000000 00000000 00000000 00000111 00000100 01100000 00000000 00000000 00100100 00000000 00000000 00000000 00000111 00000000 00010000 01000010 00000000 00000000 00000000 10100100 00000010 01110000 00000100 00000000 00000000 00001000 00010001 00000001 00000000 10000000 01000000 00000000 00000000 00000000 00000000 00010000 
00000100 00000000 00110000 00000000 00000000 00000001 00000000 00000000 00000000 00000010 01001001 00000100 11010010 00000000 10000100 00000000 00000000 00000000 00000000 00000000 00000000 00000010 00000000 00000000 01001000 00000000 00100000 00100111 00000000 00000000 10000000 00000000 01001000 00100001 00000000 00011000 11001011 00000000 00000000 00000000 00000000 00000100 00000000 00000000 00000000 00000000 10000000 00000000 00000001 00000111 00000000 00000000 00000000 00000001 00000010 00000000 00000000 00000000 00000000 00000000 00000000 00000000 00000000 01000000 
00000010 00000001 01000000 00000000 00010010 00000000 00001000 00000000 00000000 00000000 00101011 01000000 00000000 00000000 10000000 00000011 00000000 10000000 00000001 00000000 01000000 00000000 00000000 00000000 10000000 00100000 00000011 00000000 00000000 00000000 11001000 00000000 00000001 00000000 00000000 00000000 01000000 00000000 00010000 00000000 00000000 00000000 00000000 10000000 00000000 10001000 00000000 00000000 00100000 00000100 00000000 11011000 00000000 00100000 00001100 00000000 00100000 00000000 00100100 00000001 00000000 00000000 00000000 00000000 
01000001 00000001 00000100 10000000 10000000 00000000 00010000 00000000 00000011 00000000 10000010 00000011 00000000 00000000 00000001 01000000 00011001 00000000 00000000 00000000 00001000 10100010 00000000 00000000 00100000 00000001 00000000 00110000 00000000 00000000 00000001 00000000 00010000 00000000 00000000 00000000 11010001 00000000 00000000 00001001 00000000 00000000 00000000 00000000 00000101 00000101 00000000 00000000 01000000 00000000 00001000 00001000 00010000 00000000 01000111 00000000 00001000 00000000 00000000 00000000 00000000 00000000 00111000 00000000 
00000000 01000000 01000010 00000001 00000000 00000000 00000000 00000000 00000000 00000100 00000000 00001000 10010000 00000000 00000000 00010101 00000000 00000000 00000000 00000000 01001000 00000000 00010000 00000000 00000000 00000000 10000011 00000000 00000000 00000000 00000000 00000000 01000000 00000000 00000000 00010101 00000011 00001000 00000000 00000000 00000000 10001000 00000000 00000000 10000000 01010000 00000000 00000000 00000110 10010011 00000000 00110010 00000000 10000000 00001000 00000000 00000000 00000000 01001000 00000000 00011000 00000000 00000000 10010100 
00000110 00000000 10100000 00000000 00000000 00000000 00000000 00000000 00000000 00000000 11010001 00000010 00000000 00000000 00000000 00100000 00000000 00000000 00000101 00000000 00000010 00000000 00000000 00000000 00000000 00000000 01000100 01100110 00000000 00000000 00000000 01100100 00000000 00000000 00000000 00000000 00000000 00000100 00000000 00000000 00000001 00100001 00000000 01111001 00000100 00000000 00000000 00000000 01011111 01100010 10000000 00001110 00000000 00001001 00000000 01000000 00000000 00001101 00000000 00000000 00000000 00010000 00000011 01000001 
10000100 00000000 00000000 00000000 00000000 00000000 00000000 00000000 00000000 00100000 00010000 10100000 00110000 00000000 00000000 00000010 00000000 00000000 00000000 00000000 00000000 00000000 00000000 00000000 00000000 00000000 00000000 00000000 00000000 00000000 00000000 00000000 00100100 00000000 00010000 10000000 00000000 00000000 00000000 01000000 00000001 00010000 00000000 00000000 00000000 01010000 00000000 00000000 00101011 11100100 01010110 00000000 00000000 11110100 10000000 00000000 00000000 10100010 00000000 00000000 00010000 01100100 00000000 00000000 
00100000 00000000 00100011 01010100 00000010 10110000 00000000 00000000 00000000 10000000 00001000 00000011 00000000 10000000 00000000 00000000 00000000 00000000 00000000 00000000 00000010 00000000 00000000 00000000 00000000 00000000 00000000 00100000 00010000 00000000 00100000 00000010 00001100 00000000 00000000 00000000 10000010 00000000 00000000 00000000 01000000 00000011 00000000 00000000 00000000 00000000 00000000 00000000 00100000 01000000 00010100 00100000 00000000 00000110 00000001 10001000 00000000 00000000 11001000 00000000 00000000 00000000 00000001 01000100 
10000000 00000000 00000000 00000000 00000000 00000000 00000000 00000000 00001101 00000000 00000000 01000100 00000000 00000010 00000000 00000000 00000000 00110000 00010000 00000000 00000000 10000000 00000000 00000000 00000000 00001000 11100101 00000000 00000000 10000000 00100000 00000000 00000000 00000100 11010000 00000000 00010110 00000000 00000000 00000000 00000000 00000000 00000000 00000000 00000001 10101000 00000000 00000000 00100000 10000000 00100000 00100100 00000000 10000011 00110000 00000000 00000000 01111010 00001000 00000000 00000000 00001000 00000000 00011000 
00010000 00000000 01001000 00000000 10000000 00000000 00000000 00010110 00000000 00000000 00000000 00000010 00000000 00000000 00000000 00101100 00000000 00000000 00000000 00000000 00000000 00000000 10000000 00000000 00000000 00000000 00000011 10000000 00000000 00000000 00100111 00000000 00000010 00000000 00101000 00000000 10010100 00010000 00100110 00000000 01000111 10000001 00001000 00000001 01100000 00000001 00000000 00000000 10000000 00000100 10000000 00000001 00000010 00000000 00100000 00000000 00000000 00001110 01000000 00000000 00000000 00000000 01010010 00000100 
00010100 00000000 00000000 01000000 00100000 00100000 00000000 00000010 00000000 00000000 10010101 00000000 00100001 00000000 00000000 10001000 00000000 00000000 00000000 00000000 00000001 10010011 00000000 00000000 00000000 00000000 00001001 00000000 00000000 00000000 00000000 00000000 10000100 10001000 00000000 00000000 00000000 00000000 00000000 00000111 11101100 00000000 00010000 00000000 00000000 00000010 00000000 00000000 00001001 01100000 00000000 00100001 10100100 01011000 00001010 00000000 00000000 00000010 00001110 00000000 00000000 10000000 00000000 00000000 
00000101 10000100 00000000 00000000 00000000 00100000 00000000 00000000 00000000 00000000 10100000 00000000 00000000 00000000 00000000 00001100 00000000 00000000 00000000 00000000 00010000 00000000 00000000 00100001 00000000 00000000 01000000 00000000 00000000 00000000 00111000 00000000 00000000 00000000 00000000 10010000 00110000 00000000 00000000 00000100 00100000 00000000 00000000 00000000 00000000 01010100 00001000 00000000 00111000 01100011 00000001 00000000 00000000 00000000 00000001 00000101 00000000 00000000 00000000 00000000 10100001 00100000 00000000 00000000 
00110010 00000000 10001010 00001000 00000000 01011100 10110000 00000000 00000000 00000000 00001000 01000000 00000000 01000000 00000000 00000111 00000000 01000001 00001110 00000000 00000000 00000000 00000000 01000000 00000000 00000000 00001110 01001110 00000000 00000010 01001010 10000100 00100100 00000000 00000101 00000000 10100000 00100100 00000000 00000000 00000000 00000010 00000000 00000000 00010000 00000111 00000011 00000110 00001000 00010001 00000000 00000000 10000101 01010010 00000011 00000001 00000000 00000000 00000000 00000010 00000001 00000100 00100000 00100000 
00010000 00000000 00001000 00001110 00010010 00000000 00000000 00000000 00000000 00000010 00000000 01000010 00000000 00000000 00100000 10100000 00000000 10000010 00010000 00000000 00000000 00000000 00000000 00000000 00000000 00001000 00000000 00000000 00000000 00000000 00001000 00000000 00000010 00000000 00000000 00100000 00010010 00001101 00000000 10000000 00001000 00000000 00000000 00000000 00000000 00000000 00000111 00001000 10000010 00100001 00001010 00000110 00000000 00000000 10000001 00000011 00000000 10000000 00000000 00000000 00010000 01000000 00000000 00000000 
00000000 00000000 00000000 00001101 00000000 00000000 00000000 00000010 01000000 00000000 00000000 00110011 00000000 00000000 00000000 00100010 00000000 00000000 00000000 00000000 00000000 00000100 00000000 00000000 00000000 00000000 10000000 00000000 01000100 00000000 00000000 10000000 01000001 00000000 00000010 00000000 10000010 00000000 00000000 00100000 01000000 00000000 00000010 00100000 00000000 00010010 00000010 00000000 00000000 00000100 00100000 00000000 00000000 01100000 00010000 00000000 00000000 00000000 00000000 00000000 00000000 00000000 00000000 00010000 
00000000 00000000 01000000 01000000 00000000 00000000 00000000 00100000 00000000 00000000 00000000 00000000 00000000 00000100 00000000 00000000 00001010 00010000 00000000 00000000 11010000 00000000 00000000 00000000 00000000 00000000 00001110 10000000 00000000 00111010 00010000 00000000 00000000 00000100 00000010 00000000 01000000 00000000 00010000 00000000 00000000 00001100 00000000 00000000 00000010 00000000 10000000 00000000 00110110 10010100 00000100 10000001 01010000 00000000 00100000 00000000 00000000 00000001 00000000 00000000 00000000 11101000 00000000 00110000 
00010000 00000000 00001000 00010010 00000000 00000010 00000000 11100000 00000000 00000000 00000100 10011000 00001000 00000010 10000000 00000000 00000000 00001100 00000000 00000000 00000000 01000000 00000000 00000000 00000000 00000110 00000000 00000100 00000000 00001010 00000000 01000000 00000001 00000001 00000000 01011001 00000100 00000000 00000000 00000000 00000000 00000000 00000110 00000000 00000000 00000000 00000000 00000000 00000000 00001100 00000000 00010100 00000000 00000000 00000000 00010001 00000000 00000000 00000100 01000000 00000000 00000000 00100000 00000010 
00000000 00000000 11110001 00000000 00000000 00000000 00100000 00000000 00000000 00000000 00000000 10000000 00000000 10000000 00000000 00000110 00000000 00010000 00000010 00000000 00010000 00000100 00000000 00000000 00000000 00000000 00000110 00000000 00001000 00001000 01001001 10001010 00000100 00000000 00000001 00000000 00000000 00000000 00000000 00100000 00000000 00000000 00000010 00001000 00000000 01000000 00000000 00000000 00010000 01110000 00100000 00000100 00000100 00000100 00000000 11000000 00000000 00000000 00101000 00000000 00000000 00010000 00000011 00000000 
00000000 00000000 00100100 00000000 00000000 00000000 00000000 00000000 00000000 00000000 00100000 00001011 00000000 00000000 00000000 00010101 00000000 00000000 10000000 00000000 00000110 00000100 00000000 00000000 00000000 00000010 00001101 00000000 00000000 00000011 00000000 00000000 00000000 00001000 00000010 00010000 10000000 00000000 00000000 00000000 00000000 00000000 00000000 00000000 00000000 00010000 00000000 00000000 00001110 00011000 00000000 00000000 00011000 00100000 00010101 00000000 00000000 00000000 00000000 01000000 00000001 00100010 00000000 00000110 
10111000 00000000 00100101 10100000 00000000 00000000 00000000 00010000 00100000 00000000 10001000 00110001 00000000 00000000 00000000 00001100 00000000 00000000 00001010 00000000 00000000 01000000 00000001 00000100 00000000 00100000 00000001 00100000 00000001 00000000 00111000 00000000 00010000 00000000 00000001 00100110 00000000 01001011 00010000 00000000 00000000 00100000 00000000 00000000 00000110 01000000 00000000 00000000 00000000 10101101 00000000 00110000 00000000 00000000 01000001 00000000 00000000 00000000 11001000 00000000 00000000 00100000 00000000 00100000 
00000011 00000000 01000010 01000001 00000000 00000000 00000000 00000000 00000000 00000000 00000000 00000101 00000000 00000000 00000000 11010000 00000000 00000101 00000100 00000000 00000000 00000000 00000000 00000000 00000000 00000000 00010000 10100101 00000000 00000000 00011100 00000000 00001000 00000000 00000000 00000000 00000000 00001000 00000000 00000000 00100000 00000000 00000000 00000000 00000000 00001000 00000000 00001000 00000101 00100010 10000110 01000000 00100010 00010000 00100000 00000010 00000000 10000001 00111000 00000000 00000000 00000000 00110000 10000110 
00001001 00000000 01001100 00000000 00010000 00000000 00000000 00000000 00001001 00000000 00000010 00000000 00000000 11010110 10110000 11011001 00000000 00000000 00000000 00000000 00000000 00000000 00000000 00001000 00000000 00000000 00000000 00000100 00000000 00000000 00000001 00000000 00000000 00000000 00000000 00000100 01011000 00000000 00000000 00000000 00000000 00001000 00000000 00000000 00000011 00001101 00000000 00000000 00010001 00001010 01010000 00000100 00000000 00000100 00001000 00100000 00000000 00000000 01110000 00000000 00000100 00000000 10000000 00010100 
00001100 00000000 00000000 00000100 00000000 00000000 00000001 10000001 00000000 00000000 00110010 10000000 00000000 00000000 00000101 00000100 00000000 00000000 00000000 00000000 00000000 00000000 00000000 10000110 00100111 00000000 00100000 01110000 00000000 01001100 01001000 00000000 00000000 00000000 00000000 00000000 00000100 00000010 00001100 00000000 00000001 10001000 00000000 00000000 00000000 00000000 00000000 00000000 00000000 01111101 00011100 10100000 00000000 00000001 00001000 10000100 00000000 10000000 00001100 00000010 00000000 00000000 00000000 00100001 
00000000 00000000 00100001 00000000 00100010 00000000 00000000 00000000 00000001 00010000 00100001 00000000 00001000 00000000 00000010 00000000 00000000 00000010 00010000 00000000 00000000 00000000 00000000 00000000 00100000 00000000 00000001 00000100 00001000 00000000 00000000 00000000 00000000 00000000 01010000 00001100 11010000 00000000 00000000 00000000 10010000 00000000 00000000 00000001 00000000 11000000 00000000 00000000 01110100 01101000 01100010 00001010 00000000 00000000 01000000 01000000 00000000 00000010 00010010 00000000 00000000 11110000 00010011 00000000 
00001000 00000000 00000000 10000000 00000000 00000000 00000000 00000001 00000000 00000000 00110000 00000000 00000000 01000000 00000000 00000000 00000000 00000000 01000000 00000000 00000000 00010100 00000000 00000000 00000000 00000000 00001000 00010101 11000000 00010001 00000000 10000111 01000000 00000000 00000000 00000000 00000000 10000000 00000000 00000000 00000000 00010000 10000000 00010000 00000000 00000000 00001100 00000000 11111111 00000100 10000000 00000000 00000110 00000000 00000010 00000000 00000000 00000000 00000000 00000000 00000000 10000010 00000000 01000000 
00000000 00000000 00000011 00000000 00000000 00001000 00000001 00100000 00000000 00000000 01010000 00000000 00000000 00000010 10110010 00000100 00000010 00000000 00010000 00000000 00000000 00101100 00000000 00000000 00000001 00000000 00110011 00000000 00000000 00000000 01000000 00101111 00000000 00000000 00000000 00000000 00000010 00000000 00000000 00000001 00000000 00010011 00000010 00010100 00000000 00100000 00000000 00000000 00010001 00010100 10110100 00000000 00000000 00000000 01110000 11010010 00000100 00000000 00110000 00000000 00000000 00000000 00000000 00000000 
00000000 00001000 00000000 00000000 00100001 00000000 00000000 10000000 00000000 00000000 00000000 00000011 00010000 00000000 00000000 00000100 00000000 00000100 00000000 00000100 00000100 00000000 00000000 00000000 00000000 00000000 01000111 00000000 00000001 00001110 00000001 00000000 00000001 00000000 00000000 00000000 00000001 00000000 00000000 00000000 00010000 11000000 00000000 00000100 00100000 00000100 00000000 00000000 00001110 01110000 00100000 00100000 01001101 00000010 00010100 00010000 01000000 00000000 10000000 00000000 00010000 00010000 00010000 00001000 
00000000 00000000 01110001 00000011 00000000 00000000 10100011 00000000 00000000 00000000 00000010 00000000 01100000 01100000 00000000 10000011 00000000 00000000 00010000 00000000 00000000 00000000 00000000 00000000 00000001 00000000 00010001 00000000 00000000 00000000 00000001 00000000 00000011 00000000 00000000 00110000 11000011 00000000 00000000 10000000 00000000 00000000 00000001 00000000 00000000 00000000 00000000 00000000 00000000 01000000 00000110 00100000 00000000 00000001 01100001 00000001 00000000 00000000 00000010 01000000 00000000 00000000 00000000 10000000 
00000001 00000000 00000100 00100100 01000000 00000000 00000100 00000000 00000001 00000000 00000100 00100110 00100100 00000000 00000110 00000100 00000000 00000100 01010001 00000000 00000000 00000000 00000000 00000000 00000000 00000000 00000000 00000000 00000000 00000001 00110000 10000001 00010100 00000000 00000000 00000000 01010010 00000000 00000001 00000000 00000000 01000001 00000000 00100000 00000000 00000000 00000000 00000000 01001000 00110000 01000010 00000000 00101000 00000000 00010000 00000101 00000000 00000000 01100011 00000000 00000000 00000000 10000000 00100000 
10000000 00000000 01101100 00000000 00000001 00000000 00000000 00000000 00000000 00000000 00001100 00000000 00000000 00000000 00000000 00000000 10000000 00000000 01000000 00000100 10011000 00000100 00000000 00000000 00010010 01000000 01001010 00000010 00000000 00001000 00000000 00010000 00100000 00011001 00000000 00001000 00000000 00000000 00000000 00000000 00000000 00100000 00000000 00000000 01000000 10000000 00000000 01000000 00000100 00000100 00000000 00100000 00000000 00000000 11000001 00001000 00000000 00000000 10000000 00000000 00000000 00000000 00000000 00100111 
00000000 00000000 00000000 00000010 00000000 00000001 00000011 00000000 00000000 00000000 00001001 00000000 00000000 00000000 00000000 01000000 00000000 00000000 00000000 00000000 00000000 00001100 00000000 00000000 10000000 00000000 00001000 00010001 00000000 00000000 00010000 00000000 00100000 00000000 00000000 00100000 00010010 00000000 00000000 01000000 01000000 00010000 00000000 00000000 00010001 00000000 10000000 00000000 00000000 00000000 00000000 00000000 00000000 00010010 00010000 00000000 00000000 00000100 10000000 00000000 00000000 00000000 00000000 01000001 
00000000 00000000 00000100 00000000 00000000 00000000 00000000 00000000 00000000 00000100 00000000 00000000 00000000 10000000 00100000 00000000 00000000 01010000 00000000 00000000 00000001 00000000 00000000 00000000 00000000 00000000 00010100 10001000 00000000 01010010 00000100 00000000 00100000 00000000 00000010 00000000 01001111 00000000 00000000 00111101 00001000 00000000 00000000 00000000 00000000 00110010 00000000 00000000 00001000 00100000 00000000 00000000 00010000 00000000 00000010 00000001 00000000 00000001 00000000 00000000 00010000 00000000 00000000 00000000 
00000000 00000000 00000000 00000000 00000000 00000100 00000000 01000000 00000000 00000000 00010110 00000000 00000010 01000000 00000000 00000000 00000000 00000000 00000000 10000000 00000000 00010010 00000000 00000000 00000000 00000000 10000000 00010000 01001000 00000001 00011110 00000000 00000000 00011000 00000000 00000000 10000100 00000000 00000000 00000000 00000000 00000000 00000000 00000000 00000000 00000001 00000000 00000000 01100000 01111101 00000000 00000110 00000000 01100100 00000000 00000001 00000000 00000001 00010001 10000010 11000000 00000000 00000000 11010000 
00010000 00000000 10000000 00000000 00000000 00000000 00000000 00000001 00000000 00000010 00000000 10000000 00000000 00000000 00000000 00000000 00000000 00000100 01000000 00000000 00000000 00000000 00000000 00000000 00000000 10000000 00000000 01000000 00101100 00001101 00000000 00000000 00000000 00000000 01000000 01000000 00100000 00000000 00000000 00000000 00000000 00000000 00000000 00001000 00000000 00000011 00000000 00000001 01000000 10110000 01100000 00001110 00000000 00000000 00000001 10000000 00000000 00000000 00000000 00000000 00010000 00000000 00000000 10001010 
00000000 00000000 00000000 00000000 00000000 00000000 00001000 00000000 00000000 00000000 00000110 11000001 00000000 00010000 10000100 10000000 00000000 00000001 00010000 00001000 00000000 00001010 00000000 00000000 00000000 00000000 00100000 00010000 00000000 00010010 00000000 00000000 00100100 00000000 00000000 00000000 00000001 00000000 00000000 00000000 00011000 00000000 00000000 00000000 00000000 00000000 00000000 00000000 00010101 01101011 00000001 00000000 00000001 00000000 01010011 00000000 00000000 00000000 00000000 00000000 00000001 00010000 00000000 01010110 
10000000 00000010 00000000 01000000 01010000 00000010 00000000 00000000 00000000 00100000 00000000 11000000 00000000 00000000 00000010 01001000 10000000 00000000 00000000 00000000 00000000 00000000 00000000 00000000 00000000 11000000 01000000 00000000 00000000 00001100 00001100 00001100 01000001 00000001 00000000 00010000 00001000 00011000 00000000 00000000 00001000 00000000 00000000 00000000 00000000 10000101 00000000 00000000 01000000 11101000 00000100 00000000 00000000 00000001 00000000 10000000 00000000 01110000 00001000 00001100 00000000 00000000 01000000 01101011 
00000000 00000000 00011110 00000001 01000000 00000000 00000000 00000000 00000000 00000100 00000000 01111000 00101001 00000000 00000000 00000000 00000000 00000000 00000000 10000000 01000000 00000000 00000000 00000000 00000000 00000000 10000000 00100000 00000000 10000000 00000011 00000000 00000000 00000000 01100000 00100000 11100011 00000000 00010000 00000000 00010001 00000000 00000000 00000000 00000100 00000000 00000000 00000000 00110000 00000000 10000100 00000000 01000000 00001100 00000100 00000000 00000000 00010010 00000000 00000000 11000100 00000010 00000000 00000000 
00111001 00000000 00000000 10000011 00000000 00000000 00001100 11000000 00000000 00000000 10000000 00100010 10000000 00000000 00000000 00000000 00000000 00000000 00000000 00000000 00000000 00000000 00000000 00000000 00100101 00000000 00010000 00000000 00000000 00000000 00000000 00000000 00000000 00000000 00011001 01101000 01000000 00000000 00000001 00110000 00000000 00000000 00000000 00000000 00000000 01000001 00000000 00000000 10000010 10110111 00000000 00000010 00000000 10100000 10100010 00000000 00000000 01100000 01010010 00001000 00000000 00000010 00000000 10001000 
00011110 00001000 00001000 00000000 00000000 00000000 00100001 10001000 00010000 00000000 00000000 01010000 00000000 00000000 00000000 00000100 00000000 10000000 00000000 00001000 01000000 00000000 00000000 00000000 01010000 00000000 01101010 00001000 00000000 01001110 10000001 00001000 00000000 00000000 00010000 00000000 10101000 00000000 00000011 00010000 10000001 01000101 00000000 10000000 00000000 00110100 01000001 00000000 10001001 00001010 10000000 00110000 00000000 00000000 00010000 00000000 00000000 00000110 10100000 00000000 00000000 00000000 10000101 00000000 
10000000 00000000 00000000 00000000 01000000 00000001 00000000 00000000 00000000 00000000 00001000 01100010 00000000 00000000 00000000 00000100 10000000 00000000 00000000 00000000 00000000 00000000 00000000 00000000 01000000 10100010 00010001 00000001 00100000 00000001 10000110 00000101 10100001 00000000 10000000 00000000 00000000 00000000 00000000 00000000 00001000 00001000 00000000 00000000 00010011 00000000 00000000 00000000 00100000 00000000 00000000 00000000 01000000 00000000 00000000 00000000 00000000 00000100 00000000 00000000 00010000 00001001 10001000 00000000 
00000000 00000000 00000110 00000000 00000000 00000000 10000000 00100000 00000000 00001000 00010001 00000000 00000000 00000100 00000000 10101100 01010000 01110001 01110011 00000000 00000000 01000000 00000000 00000000 00011001 00000000 00000000 00000001 00000000 00001110 00010101 00000000 00000001 00000000 01010100 01100110 01000100 00000000 00000000 00000000 00000000 00110110 00000000 00000000 00000000 00000000 00100001 00000100 00010000 00000000 00000001 00000001 00000000 00000000 00001011 00001000 00000000 00000000 00000000 00000000 00100001 00000000 00000000 00000000 
00000000 10000000 00000000 00000000 00000000 00000000 00000000 00000000 00000000 00000000 00000010 00100000 00010001 00000000 00000001 00000101 00000000 00000000 00100000 00000000 00000000 00001100 00000000 00000000 00000010 00000000 00001001 01000000 00000000 00000100 00000000 00000000 00000000 10000000 00100010 00000000 00000100 00000000 00000000 00000000 00000000 00000000 00000000 00000000 00000000 00000000 01000000 00000000 10001000 00010110 00111110 00000000 00000000 00101000 00000000 10100100 00000000 01100000 00000001 00000000 00000000 01000000 00000000 11000000 
00000001 00000000 00000011 00011000 00000000 00000000 00010000 00000000 00000000 00000000 00000000 00000100 00000000 00000000 00000000 01000000 00000000 00000000 00000001 00000000 00000000 00001000 00000000 10000000 00000000 00000000 00000000 11000010 00000000 00000000 00000000 00000000 00100000 00000000 00000010 00001100 00000000 00000000 00000000 00000000 00000000 00001001 00100000 00000000 00000000 00000000 00100001 00000000 00001000 00000010 00000010 10011000 00000000 00010000 10110000 00000000 00000000 00100101 00000100 00000001 00000000 00010000 00000000 00000000 
00000000 11010000 00100000 00100111 00000000 00000001 00000000 00000010 01000000 00100000 00100000 00100101 00000000 00000000 00000000 00100001 00000000 00000000 00000000 00100001 00000000 00000000 00000100 00000000 00000000 00000000 00000011 10000100 00100010 00010000 00010000 00100000 00000000 00000000 00000000 00000000 00000000 00000000 00000000 00100010 00011000 00000000 00000000 00000000 00000000 00000001 00000000 00000000 00000100 00101000 10000000 00111011 00000000 00000000 00010000 00000000 00000000 00000000 00000000 00000000 00010000 01000010 00110000 00000000 
00110110 00000000 00000101 01101010 00000100 00000000 00000000 00000000 00000000 00000000 00000000 00100000 00000000 00000000 00000000 00000000 00000000 00000000 00000100 00000000 00000000 00010000 00000000 00000000 01000010 00000000 00100000 00000000 00000000 00001000 00100000 00000000 00000000 01000000 00000100 00001000 01111100 00000000 00000000 00000001 00000000 00000000 00000010 00000000 00000000 10010000 00000000 10000000 00000000 00010010 10000000 00100011 00000000 00000000 00000000 00000000 00000000 00000000 00010010 00000000 00000000 00001100 00001000 00001000 
01001010 00000000 00110100 00000100 00000001 00000000 00000000 00000000 00000000 00000001 01010000 10000010 00000000 00000000 00100000 01000000 00000000 00010001 00000000 00000000 00000100 00101001 00000000 00000000 00000000 00000000 00000000 00100100 00000000 00000000 00000000 00000000 00000110 00000000 11000000 00000000 10010001 00000000 00000000 00000000 01001010 00000000 00000000 00000000 00000000 01010000 00000000 00000000 00000000 01000110 00000101 10110100 00000000 00111100 00001100 00000010 00000000 10001001 00000000 00000000 00000000 00100000 00100000 01001100 
00000000 00000000 00000000 00000000 00100010 10000000 00000000 00000000 00000000 00000000 00000000 00000000 00000000 00100001 00000000 00000000 11100001 00000000 00000000 00000000 00000000 00000000 00000000 00000000 00000000 00000000 10001000 00011010 00000001 00000000 00000100 00000000 00000000 01000000 00000000 01000100 00000000 00000000 00000011 00000000 00000000 00001001 00000000 00000000 00100000 00001000 00000000 00000100 00000000 00000000 00000000 01100001 00000100 00000000 00000010 00000000 00010000 01000000 00000000 00000000 00000000 00000000 00000000 10000001 
00000000 00000000 10000010 00010110 00000000 00000001 00000100 00000000 00000000 01000000 10010101 00000010 00000100 00000000 01000000 00000000 00000000 00001110 00001000 00000000 00000000 00000000 00000000 00000000 00000001 00000000 00000000 00011001 00000000 00000000 00010000 00000000 00000000 00000000 00000010 10101000 01011010 00000000 00000000 00000000 00000000 00100000 00000000 00000000 00000000 01000000 00100000 10000000 00000000 00000000 00000000 01010100 00000000 01000100 00001000 00000010 01000000 00000000 00000000 00000000 00000000 00010000 00000000 01000000 
01101011 00000000 00000000 00000000 00000001 00000000 00000000 01100000 10100000 00000110 00001000 01011001 00000000 00000000 00001000 00100001 00000000 00010000 00000000 00000000 00000000 00000000 00000000 00000000 01101110 00000000 00011000 00000000 00000000 00000000 00000000 10000000 00000000 00000000 00000000 00000000 00000000 00000000 00000000 00000000 00001000 00000110 00000000 01000000 00000000 00111010 00011000 01100000 00001000 10000110 00000000 00000000 00001000 00000000 01000000 10010000 00000000 00000000 00000000 00000000 00000000 00000000 00000000 00001000 
00000000 00000000 00110000 00000000 00001000 00000001 00000000 00000000 00000000 00000000 10111101 00111000 01000000 00100000 00000000 00000000 00000000 10000000 10000000 00000000 00000001 00000000 00000000 00000000 00000000 00000000 00000000 10000011 00000000 00000010 00000000 00000000 00001111 01000000 00000000 00000000 00000000 00000000 00000000 00000000 00000000 00000001 00000000 00000000 00000110 00001001 01000000 00000000 10000000 11000010 00000000 01000000 00000000 00101000 00000000 00000000 00000100 10000000 01011000 00000000 00000000 10000100 00000000 11000111 
10111000 00000000 00001000 01000000 00000000 00000000 00001000 00000000 00101000 00000000 00001000 00000001 00000000 00000000 00000001 00111011 00000000 00000000 00011001 00000000 00000000 00000000 00000000 00000000 00000000 00000000 00101111 00011000 10000000 00000000 00010000 00000000 00000001 00000000 00000000 10000000 00000000 00000000 00000000 00000000 00000000 01000000 00000000 00000000 00001000 00001000 00000000 00000000 00010000 10010100 01000011 00001000 00010000 00000000 01001011 10000000 00000000 00000000 00000010 00000000 00000001 00001000 00000000 00010010 
10000000 00000000 01111000 00010000 00000000 00000000 11000000 00000000 00000000 00000000 00000000 00000000 01000000 00000000 00000000 01000000 00000000 00000000 00000000 00000000 00000000 00001000 00000000 00000000 00000101 00000000 00000000 00000000 00000000 00000000 00101100 00000000 00010000 00000000 00000000 00000000 11101010 00000001 00000000 01010000 00000000 01011100 00000000 00000000 00000000 00101000 00000000 00000000 01000110 00100011 01100000 00000000 00000000 00000000 00000000 00100000 00000000 00000000 00000010 00000000 00000000 00010000 10000000 01000000 
00000010 00000000 00011000 00000000 00000000 00000000 00000000 00000000 00000000 00000000 10110011 00110001 00000000 00000000 01010001 11111110 00100000 10101010 00000000 00000000 00000000 00000000 00000010 00000000 10000000 00000000 00000000 00000100 00000000 00011100 00101000 00000000 00000000 00000000 00100000 00000000 10000000 00000000 00000000 00000000 00001010 00000000 00000000 00000000 00000000 00000000 10000000 00001000 10010001 10000001 00010000 00100000 00011010 00011000 00000000 01000001 00000000 10000010 10101010 00000101 00000000 00000000 00001001 00000000 
00000000 00000000 00000000 00000010 00000000 00000000 00000000 01100010 00000000 10000000 00000000 00000010 00001100 00000100 00000000 01101001 01000000 00001000 00010001 00000000 00000000 00010000 00000000 00000000 00000100 00000000 00001000 00001000 00000000 00011001 00000000 00000000 00000000 00000100 00000000 00000000 01111000 00000000 00000000 00000000 00000000 00000000 00000000 10000000 00000000 00000000 10000000 00000000 00001000 01000010 00000000 00000110 00000000 00000100 00000101 01000101 00000000 10010001 00000000 00000000 00000000 00000000 00000100 00000000 
00010000 00001010 00000000 00101000 00001000 00000000 00000000 00000010 00000000 00000000 00010000 10000000 00001100 00101100 00000000 00000000 00000000 00000000 00000000 00000000 00000000 00000000 00000000 00000000 00000000 00000000 00001000 01000001 00000000 00010000 00000000 00000000 00000000 00000000 00000000 00000000 00010000 00000010 00000000 00000000 00000001 00000000 00000000 01000000 00000000 00000000 01100000 01010000 01000000 00000000 01001000 00000000 00000000 00000000 00000001 00000000 00000000 00110000 00100000 00000000 00000000 00001100 00000100 00000000 
00000100 10000000 00001100 00000000 00000000 00100000 01000000 00000000 00000000 00000000 00000001 00000000 00000100 00000000 01000000 00000010 00000000 00000000 01000100 00000000 00000000 00000000 00000000 00000000 00000000 00000000 00100001 00010000 00000000 00000100 00000100 00000000 00000000 00000000 00000000 00000001 01000010 00000000 00000000 00000000 00000000 00000000 00000000 00000000 00000000 00000000 00001000 00000000 00000000 00110000 00000001 00110000 00000000 00000001 00000000 00000001 00000000 00100000 00001100 00100001 00000000 00000000 01110010 11000000 
00000000 00100000 10000000 00000000 00110001 11000000 00000000 00000000 00100000 00000000 10100001 00000000 00000000 00000100 00000000 10110000 00000000 00000100 00000000 00000000 00000000 00100100 00000000 00010000 00000000 00000000 00000000 00000000 00000010 00100000 11100000 00000000 00010001 01000000 00000000 11111111 10101010 00000010 00000000 10010010 00000110 00000100 00000000 00000010 00000000 00000000 00000000 00000000 00000010 01010000 00000000 10000000 00000000 00000000 00000100 10110000 00000000 00000000 00000000 00000000 01000001 00000000 00000000 00011000 
00000000 10001000 00000000 10000001 00000000 01100000 00000000 00000000 00000000 11000000 00000000 00000001 01100000 00000000 00000000 00000000 00000000 00000000 00000000 01000000 00000000 00000000 00000000 00000000 10000010 10000000 00000000 00000001 00000000 01000010 00011001 00000000 00000000 00000001 00000001 01000101 11100101 00000000 10000000 00001000 00100000 00000000 00000000 00000000 00000000 00000000 00000000 00000000 00000000 00100000 00000000 01000010 00000000 00000000 00000000 00000000 00000000 00000000 00000000 00000000 00001000 00000000 00000000 00000000 
00000100 00000000 10000111 00000000 00000000 00000000 00000000 11010100 00001000 00000000 00000000 01110000 00000000 00000010 00000000 00000000 10100000 00001000 00000000 00000000 10000000 00000000 00001000 00000000 00000000 00000000 00000000 10001000 00000100 10000001 01011000 00000000 00000000 01000101 00000000 10100000 00010000 00000000 00000000 00001001 00000000 00000000 00000010 00000000 00000000 00000001 00000000 00000000 00111100 00001001 00000101 01001000 01000000 00001100 00001100 00000000 00000000 00010000 01001010 00000000 00000010 00000101 00000010 00100000 
00100111 00000000 00000000 00000000 00000000 00000000 00110000 00000000 00100000 00000000 00010000 00000000 00000101 00000000 00000000 00000000 00000000 00100000 00001010 00000000 00000000 00000000 00000000 00000000 00000000 00000000 00101001 01001101 00000000 00000000 00100111 00001100 00000000 00000000 00000001 01000000 00100000 10000000 00000000 00000000 00010110 11010000 00000000 00000000 00000000 00010011 00000000 00000000 01000100 10000000 10000000 01110110 00000000 00100000 00101001 00011010 00000000 00000000 01000100 00000000 00000000 00001000 00000010 00000100 
00000010 00000000 10000100 00000000 00000000 00000000 00000000 00000000 00100110 10000000 10100001 00000000 00000000 00000000 00000000 00000001 00000000 11001111 00000000 00000000 00000000 00000000 00000000 00000000 00000000 00000000 00000000 00010100 00001001 00000000 00000010 00000000 00010100 00000000 00000000 00000000 00001001 10000000 00000000 00000000 00011001 00100000 00000000 00000000 00100000 00111001 00000000 00000000 00000000 00001011 00000010 01100001 00000000 00000000 01000010 00001000 00000000 11000000 00000011 00000000 00000000 00100000 01100000 00000000 
00000010 00000000 00000000 10011100 00000100 00000000 00000001 00000000 00000000 00000000 01000100 10000000 00000000 00000000 00000000 00000000 00000000 00000000 00000000 00000000 00000010 00000001 00000000 00000000 00000100 00000000 01100000 01000000 00000000 00000100 00000000 00000000 00000000 00010001 00000000 00001010 00110010 00000001 01000000 00000000 00100110 00000000 00000000 00000000 10000000 00000001 00000000 00000000 00000000 00000000 00010000 00000101 10000000 00000000 10000100 00001000 10000000 00000000 00000000 00000010 00000000 10000010 00000000 00000000 
11000000 00000000 10100000 01000000 00000000 00000000 00000000 01000000 00000000 00000000 10011100 01010000 10000100 00000000 00000000 01101010 00000000 00000000 00000000 10000000 00000001 00000000 00000000 00000000 00000000 00000000 00000000 00000000 00000000 00000111 00000000 00000000 00000000 00000001 00000000 01000000 00000000 00000000 00000000 00000000 00100000 00000000 00000000 00000000 00000000 01000010 00100010 00000000 01000001 10001100 00000000 00000001 00100001 00001110 11100010 10001000 00000000 00000000 00000100 01000010 10000000 00000000 10011011 00001000 
00001010 10000000 00000000 00000000 01000000 01000000 00000000 00000000 00100000 00000000 00001000 00001100 00000000 00010000 00000000 00000000 00000000 11101001 00000000 00000000 00000000 00000000 00000000 00000000 00000100 00000000 00100101 00000000 00000001 11100101 00000001 00000000 00000000 00000000 00000000 00010001 00001011 00000100 00000000 00000000 00000000 00000000 00000000 00000000 00000000 00000000 00000000 00000000 00100000 01001000 01000010 00000000 00000000 00100000 10100000 00000000 00000000 00000000 00000000 01110000 00000000 00010000 00000000 00100101 
00001000 00100000 00000000 00110010 00000000 01000000 00010000 00000000 00100000 00000000 01000000 00000010 01001000 00000000 00000000 00110111 00000000 01000000 00000001 00000000 11000000 00000000 00000001 00000000 00000000 00010000 00000000 00000000 00000000 00000000 00000000 00000000 00000100 00000000 00000100 00000000 11001100 00000000 00000000 00100000 00010000 00000000 00000000 00001000 00000000 01001100 00100000 00000000 10000000 00000101 01000000 00000000 00010000 00000001 00000010 00000000 00000000 11010001 00000000 00000000 10000000 00010000 00100000 00010001 
00000000 00000000 01001101 10001110 00000000 00110010 00000000 00000000 00000000 01000000 00000000 00001100 10100001 00000000 00000000 00000000 10100000 00001000 10000000 00000000 00000000 00000000 00000000 00000000 00010000 00000000 00000000 00010001 01000000 00000001 00000000 00000000 00000000 00000000 00000000 00100000 00100000 00000100 00000000 00000000 00000000 10010000 00000000 00000000 00000000 00000000 00000000 00000000 00000000 00000000 00000000 00000000 00000000 00001010 10001100 00000000 00000000 00000100 00000000 00000000 10000000 00000010 00000100 00000000 
00000001 00000000 00000000 00100010 00010000 00000000 00000000 00000100 00000000 00110001 00110000 00000100 00000011 00000010 00000000 00010001 00000000 00000000 00010000 00000000 00000000 00010000 00000000 00000000 00001011 00000000 10000000 00001100 00000000 00000000 00011100 00000000 00000110 00000000 00000000 00000000 00010110 00000000 01000000 00000000 00000000 00000000 00000000 00000000 00010000 00010000 00000000 00000000 11000000 01110000 10000000 00000000 00000000 00000000 00110010 00000000 00000000 10100000 00100000 00000000 00000000 00000000 01000001 00000000 
01000010 00000000 00000100 00000100 01000000 00001100 00000000 00000000 00000000 00000000 00000000 01010101 00000000 00000000 00000000 00111011 00100000 01100001 00000000 10000000 00000000 00001100 00000010 00000000 00000010 00000000 00000000 00000000 01000000 00100000 10001101 00000000 00000100 00000000 01000000 00000000 00000000 00000000 01000000 00000000 00011011 00000000 00000000 01000000 00000000 00000000 00000000 00000000 01110000 00000000 00000000 10000110 00000111 00000000 01000000 01111010 00000000 11010000 01000010 00000010 00000101 00000000 00000010 00000010 
00000000 01011000 00100001 00000000 00000000 00000000 00000000 00000000 00000000 00000000 00000110 10111110 01100000 00000000 00000001 01000110 00000000 10100000 00000000 00000000 00100010 00000000 00000000 00000000 00000100 00011000 00000000 00000000 00000000 10000000 00000000 00000000 00000000 00010000 00000000 00000000 10001000 00000000 00000000 00000000 00000000 00000000 00000000 00000000 00000000 00000001 00000000 00010000 01111000 00001001 00000000 00000001 00000100 01000000 00000000 00000000 00000000 00000000 00000101 00000000 00010000 00000000 00010000 01001001 
00000000 00000001 00000000 00000000 00000000 00000000 00000000 00000000 00010000 00000000 00000000 00100000 00000000 00000000 00000000 00000000 01100000 01000000 00101100 00000000 00000000 00000000 00000000 00000000 01000000 00010000 00100000 00011000 00000000 00000000 10000101 00000000 00001010 00000100 00000000 11000010 00111000 00000000 00000000 10000000 00000000 00000100 00000000 00000000 01000000 00000000 00000000 00000000 10000000 00010000 00000000 00000000 00000000 00000000 00010010 00000000 00000000 00000100 11000110 00000000 00000000 00000000 00000000 00000011 
00010001 00000000 00000100 00000000 10100000 00000000 00011110 00000000 00000000 00000000 00100000 10000011 00000000 00000000 00100000 01000000 00000000 00001011 00001110 10010000 00000000 00011010 00000000 00000000 00000000 00000000 10010101 01111010 00000000 00000000 00000000 00000000 00000000 00000010 00000000 00000000 10000000 00000000 00000000 00100000 00000001 00000000 00000000 00000000 01010000 00100000 10000000 00000000 00000000 01000000 10000000 11000000 10000101 00000000 00000000 00000000 00000000 00000000 01000000 00000000 00000000 00000000 10000001 00011010 
00001100 00000000 00011101 10000000 00100000 10000100 00000010 00000000 00000000 00000000 00010000 01011001 00100000 00000000 00000000 01010101 00000000 00000000 00100001 00000000 00100000 00000000 00000000 00000000 00000000 00000000 00010010 10000000 00000000 00000000 00000000 00000010 00000100 00000000 00000000 00010000 00000000 00000000 00000000 00000000 01000000 00000000 00000000 00000000 00000000 00000000 10001000 00000000 00000000 00000011 11000000 01001000 00000000 00000000 00001010 10110110 00000000 10000000 00000000 11000001 00000000 00000000 00000100 10110100 
00000000 00000000 00000100 00010000 00000000 00000010 00000000 00000100 00000000 00000000 00001000 00000000 00000000 00000000 10000000 01000000 00000000 00000000 00000000 00000000 00000000 10000000 00000000 00000000 00000000 00000000 00010000 00000011 00000000 01000000 00100000 00000000 00000000 00000000 00000000 00000000 01110011 00010000 00000000 00000010 00000000 00000000 00000000 00000000 00000000 00111000 00000000 00000000 00000101 00000000 00100000 00010001 00000000 00000010 00000001 00000000 00000000 00000000 00100000 00000000 01000000 00001010 00000000 00100000 
00000000 00000000 00101000 00000000 00000000 00000100 00000000 00001000 10000000 00000000 01101000 00010100 00100010 00000000 00000000 00010001 00000000 01001010 00000000 00000000 10000000 00001000 00000000 00100100 00000000 00000000 00000010 00010001 00000000 00010100 00000000 00000000 00001000 00000000 00010000 00010000 00001000 00000000 00000000 00000100 00000000 00011010 00000000 00000000 00000000 00000000 00000000 10100000 00010000 00000000 00000000 00000000 00000000 00000000 00000000 10010000 00000000 00001010 00010000 00000000 00000000 00000000 00000000 00000000 
00000000 00000000 00010001 00000000 00000000 00000000 00000000 00000000 00000000 00000000 00001101 00000001 00001000 00000100 00000000 10000001 00000000 00000001 00111100 00000000 00000000 00000000 00000000 00000000 00000000 00000000 00000100 01010000 00000000 00010001 00000000 00001000 00000000 00000000 01100000 00000000 00000010 00000000 00000000 00000000 00010000 00000000 00000000 00000000 10000000 00001110 00000000 10000000 00000100 00111000 00000001 00000000 00000000 00000000 01010000 00001000 00000000 00000000 00001010 00000000 01100000 00000000 10000111 00000000 
00010000 00000000 01000000 00000000 00000000 00000000 00000000 00000000 00001110 00100000 00000000 00001000 00001100 00000001 01000000 01001000 00000000 00101000 00000000 01000000 00100000 01000000 00000100 00000000 00000000 10100000 00001000 00010000 00000000 00100001 10000000 00100000 00000000 00000000 00000000 00000000 00000000 00000000 00010000 00000000 00000000 00000000 00000000 01000000 00100000 00101110 00000000 00001100 01000000 10010101 01001110 00110000 00000000 00000000 10000001 00100010 00000000 10000000 00000000 10010000 00000000 00000010 00000100 10101010 
01000010 00000000 00000110 00000000 00100000 00000000 10000000 00000000 01000000 00000000 00000000 11100100 00000000 00010000 00000000 00000000 00000000 00001011 00000000 00000000 00000100 00000000 00000000 00000000 00000100 00000000 01000001 00000011 00000000 00000000 00000010 00100100 01000000 00000000 00000001 00000000 10001000 00000000 00000000 00000000 01000101 00000000 00000000 00000000 00000000 00001001 00000000 00000000 00000000 00000000 01000000 00000000 00000000 00010000 00000000 00000000 00000000 01000000 00000000 00000000 00000000 10000010 00000001 00000011 
00000000 00000010 00000000 00000100 00000000 00000010 00000000 01100000 00000000 00000000 00000000 00000011 00000000 00000000 00000010 00001000 00001000 00000001 00001000 00000000 00000000 00000000 00000000 00000000 00000000 00000000 00000000 00000000 00000000 00010100 00100010 00000000 00000011 00000000 00000010 00000001 00001010 00000000 00000000 00000000 00000000 00001000 00000000 00000000 00000000 01101111 00000000 00001000 00000000 00100000 00000001 00000000 00000000 01110000 00100100 00000100 00000000 00100001 10001101 00001000 01100000 00000000 00000000 00000000 
00000000 00000000 10101000 00100111 00001000 00000000 00000000 00100110 00000000 00000000 00000100 11010001 00000000 00000010 01000001 00000001 00000000 00000000 00000000 00000000 00000000 00110000 00000000 00000000 00000000 00000000 10000100 00000000 00000000 11000000 00000000 00000000 00000000 00000000 00100000 00000000 01000000 00100000 00000000 00001001 00000000 00000000 00000000 00001000 10000000 00101010 00000010 00000000 00100001 00000000 01000000 11100001 00000000 00001000 11100101 00000000 00000000 01000000 01001110 00000000 00000000 00100000 00000000 00000000 
00010000 00001000 00010011 00000001 00000000 00010000 00000000 00100000 00000000 00000000 01000000 00000100 00110000 00000000 00000000 00001100 10000000 00010101 01000000 00000100 00000000 00000000 00000000 00000000 01000000 00000000 00110000 01010000 00001001 00010000 01001001 00000000 00000000 00000000 01010000 01000000 01100000 10000000 00010000 00000000 01000000 00000001 00001000 00000000 00000010 00000000 00100000 11100000 10100010 00000000 01000001 10000000 00000000 01010000 00000111 00000000 00000000 00010000 01001100 00000000 10000000 00000000 00000000 01000010 
10000000 00000000 10000100 00001000 00000000 00000000 00000000 11100001 00000000 00000000 00100010 00010001 00000000 00000000 00000000 01000000 00000000 00000000 00000000 00000000 00000000 00001000 00000000 00010001 00010011 00000000 00000010 11001000 00000000 00110010 00110001 00000000 00000000 00000000 00010010 00000100 00000000 00000000 00000000 00000000 00000000 00000100 00000000 00000000 00000000 00010000 00000000 00100000 00000000 00000000 00000100 01110000 00000000 10100001 00010000 01000000 00000000 00000000 00000110 00000000 00000000 00000000 00000000 00011000 
00100000 00000000 00000001 00000000 00000000 00000000 00000000 00000110 00000000 00000000 10000000 00000000 00000000 00000000 00000000 00000000 00000000 10001100 00000000 00000000 00000000 00000001 00000000 00000000 00000001 00000000 00000001 00000000 00100000 00001001 00000000 00000000 00000000 00000000 00000001 00000000 10001110 00000000 00100000 00000010 00000000 10000000 00000000 00000000 00000000 00000110 00000000 00000000 01001100 00000000 00010000 00000101 10000100 00001000 00000000 00100001 00000000 00000000 00000000 00011000 00010000 10000000 00000001 01100011 
00000000 00000000 10000011 00000010 00000000 01101000 00000000 00000000 01000000 00000101 00101001 01000000 00000000 00000100 00000101 00000000 00000000 00000000 00000010 00000000 00000000 11001010 00000000 00000000 00000000 00000000 00000000 00100000 00000000 00000001 00000001 00000000 00000000 00000000 00000000 00000000 00000000 00000000 00000000 10000001 00000000 00000100 00000000 00000000 00000000 00000100 00000000 00000000 00000000 10101111 01001010 00010010 00000000 00000000 00100010 00100000 00000000 10000000 00000000 00001000 00000000 00000100 00000000 00001000 
00000000 00000000 00000010 10000000 00001010 00000011 00000000 10100000 00000000 00000000 00000000 01111000 00000000 00000010 10000100 00001100 00000000 00000001 00000000 00000000 00000000 11100000 00000000 00100000 00000000 00111000 10000001 00000000 00000000 00001000 00100000 00000000 00100100 00000000 00100110 00001000 01100111 00000010 00000000 00000000 10100000 00000000 00000000 00000000 00000000 00000000 00000000 00000000 00001000 00000100 01000110 10000000 00000011 00000000 00000000 10100100 00000000 00000010 00000000 00000001 00000010 00000000 00000000 00000000 
00000000 00000000 11001010 01010001 01100000 00000000 00000000 00000000 00000000 00000000 01100001 11001000 00000001 00000000 00000001 00000001 00000000 01100000 00000000 00000000 00001011 01000010 00000010 00000000 11001000 00000000 10000000 00000001 00000001 00000010 00000000 00000000 01010000 00000000 00001000 00000000 00001000 00000000 00000000 00000000 01000100 00000000 00000000 00000000 00010010 00001000 00000000 00000000 11001000 00000010 00000000 00000000 01000000 01010000 00000000 01011000 00000000 00000000 00000010 00000000 00000000 00001010 00000000 00000000 
00000000 00000000 00000000 00000000 00000000 00000000 00000000 00000000 00000011 00000000 00000000 00101010 00000000 00010000 00000000 00000000 01000011 00000100 00011000 00000000 00000000 00000100 00000000 00000000 00000000 00000000 01000000 01000001 00000000 00000000 00011000 10111000 00000001 00000010 00000001 00010000 10000001 00000000 00000000 01000000 00000000 00111000 01000000 00000000 00000000 00010000 00000000 00000000 00010000 00100110 01101000 10001110 00000000 00000000 11111111 00000000 00000000 00000001 00100100 00010000 01000000 01000001 00000000 00000000 
00000000 00000100 00000000 00000000 00000000 00000000 00000000 00000000 00000000 00000000 00010000 00110000 01000000 01000000 00000000 00001000 00000000 00100100 00001010 00000000 00010000 00000000 00000000 00000000 00000000 00000000 00000000 00000001 00000000 00000000 00000000 00000000 00000000 10000010 00000000 01001000 01100000 00000000 00000000 00000000 00000000 00000000 00000000 00000010 00000000 00100000 00000000 00101111 00000100 00100000 00001010 00000001 00000000 00100000 01000000 00000000 00000000 01000000 00000000 01100000 00001001 00000010 00000000 00000000 
00000000 00000000 00000000 00000000 00111000 00000000 00000000 00000000 00000000 00000010 00000001 01100000 00000000 00000011 00000000 01000000 00000000 00000000 00000000 00000000 00000000 00000001 00000000 00010000 00000000 00000000 00000100 00000000 00001000 00001000 11001100 00000010 00000001 00000000 00000000 00000100 01101100 00000000 00000010 00000000 00100000 00000000 01000000 00000000 00000100 01000000 00000000 00000000 00000000 01000010 00000100 00101000 00000000 00000000 00000000 10001001 00010000 00010000 00000001 00000000 00001000 00010000 00110001 00000000 
00000000 00000000 00000010 00000000 00000000 10010000 00000000 00000000 00000000 00000000 00000001 00000000 00000000 00000000 01000101 00000000 00000000 00100010 00000000 00000000 00000011 00000110 00000000 00000000 00000010 00000000 01000000 00000000 00000000 11101000 10000110 00000000 00000000 00000000 00000000 00000000 10000010 00000000 00000000 00001010 00000000 00010000 10000000 00001000 00000000 01101001 00000000 00000000 00000000 00000010 00001010 00000000 00000000 00000010 00000000 00000000 00000000 00001000 00000111 00000000 00000000 00000010 00000000 00000110 
00000100 00000000 00000101 00000000 00000000 00000000 00000000 00000000 00000000 10100000 00001001 00000111 11100000 00000000 01000000 00000000 00000000 01100011 00000000 00000000 00000000 00000000 00000000 00000000 00000000 00000100 00000000 00110000 00000000 00110010 00000000 11110000 00000101 10100000 00000000 00000000 00101100 00000000 00000000 00100011 00100010 00000000 00000000 00000000 00000000 01000000 00000000 00000000 00000000 01001110 10000110 00000000 00000000 00000000 00100010 10000000 00000000 00000111 00011100 00110001 00000000 00000000 00000010 00000000 
00000110 01000000 00100000 00000000 00000000 01000000 00000000 01010100 01100000 00000000 00000000 00000000 00000000 00000001 00000000 00000000 00000000 00000000 00000000 00000000 00000000 00000000 00000000 00000000 00000000 00000000 11001001 01000001 00000000 00000000 10000000 00000000 00000010 00000000 00000000 00000000 00000000 00000000 00000010 00010000 00000000 00000000 00000000 00000000 00000000 00110011 00000000 00000010 00000000 01010001 11000000 11010001 00001000 11100000 00000000 00110000 00000000 00000100 00000000 00000000 00000000 00000000 01000000 00000000 
00000000 00000000 00000001 00100000 00000000 00000000 00100000 00000000 00000000 00000000 01000000 00000000 00000000 00000001 00000100 00000000 00000000 00000000 00000000 00011000 00000000 00000010 01000000 00000000 00000000 00000000 00110000 00000000 00001010 00000000 00010000 00000000 00000100 00000010 00000000 00000000 00100100 00000000 00001000 00000100 00100010 01000000 00000000 00000000 00000000 00000000 00000001 10000000 00010011 00000100 00000000 00000000 00100001 00000000 01000101 00000000 01000001 00000000 00000000 10001000 01110100 00000000 00000001 00000000 
00010011 00000000 00000000 00010100 00000000 00000000 00001010 00000000 00000000 00000001 00000010 00000000 00000000 00000000 00000000 00100010 00000000 10000000 01000000 00000000 00000000 00100000 00000000 00000000 00000010 00000000 00110000 10000100 00000000 00111001 01110000 00000000 00000000 00000000 00000100 00000000 10000001 00000000 00000000 10000000 00000011 00000000 00000100 00000001 01000010 00100010 00000000 00000000 01001001 01000001 00100000 01000000 00010001 00000000 00000000 00000000 00000000 01100000 01100000 01000000 00000000 00000000 00000000 00000000 
00000000 00000000 00000011 10000001 10000010 00000000 00001010 00010000 00000000 00000000 10000000 01000010 00000000 11000000 00000000 00101000 00000000 00000000 00100100 00000000 00000000 00000000 00000000 00000010 10000000 00000001 00011001 00001000 00000000 00000000 00000001 10000100 00000000 01010000 00000000 00010001 00000000 00000000 00000000 00000000 00001000 00000000 00000000 00000000 00000000 00000000 00000000 00001000 00000000 00001101 00000000 00000000 00000000 00000000 00000000 10000001 00000000 00000000 00000000 00100000 00000000 00000001 01110010 00000001 
00000000 00010000 00000000 00000000 00000000 00000000 00001000 00000000 00000000 10000000 00100001 00000000 10000001 00000000 00000000 00000000 00000000 00000000 00000000 00000000 00000000 00000000 00000000 00000000 00000000 01000000 00000000 00100110 00000000 10000000 01000000 00000001 00000000 00000000 00000000 00010000 00000000 01100100 00000000 00000000 00000000 00000000 00000001 00000000 00001000 10000000 00000000 00000000 00000000 00000000 00000000 00000000 00001100 00100000 00000000 00100000 00000000 00000001 00000010 00000000 00000000 00000000 01100001 01000000 
00000000 00000000 00000000 00000010 00001000 00000000 00000000 00000000 00000000 00001000 00000100 00000111 01001000 00000000 00000000 10100000 00000000 00000000 01000000 00000000 00000000 00000010 00000000 00000000 00000000 00000000 01001001 11110000 00000000 00000000 00000000 00000000 01000011 00000000 00000000 01001100 00101100 00000000 00000000 00000000 10000010 00010000 00000000 00000001 00000000 00000000 00000010 00000000 00010110 00000000 10000100 10010000 00000000 00001000 00101010 01001000 00000000 00000000 00000100 00000000 00000000 00101000 10000000 00000000 
00100000 00000000 00000000 00001111 00000000 00000100 00000000 00000000 00000000 00000000 00001000 00000010 00000000 00000000 00000000 10001100 00000000 00000000 00000000 00000000 00010000 00000000 00000000 00000000 00000000 00010000 00000000 00000001 00000000 00000000 01010000 10000000 00000000 00000000 00000000 00000000 00000000 00000000 00000000 00000000 00001000 00000000 00000000 00000000 00001000 00000000 00000110 00000000 00000000 01100000 00000000 01000001 00000000 00000000 10000000 00000000 00000000 00000000 00000100 10000110 00000000 00000000 00000001 00000000 
00110000 00000000 00011101 10000000 00000000 00000101 00000000 00000000 00000000 00000000 01010100 10001101 00000010 00000000 00000000 00100110 00000000 00000000 00000000 00000000 00000000 00100000 00000000 00000000 00000100 00000000 00000000 01000000 00000000 00000000 00000101 00000000 00000000 00000000 00010000 00000000 00000000 00000000 00000000 00000000 00000100 00000000 00000000 00001000 00001101 01100110 00000000 00000000 01010000 00100010 00000000 00001000 00010000 00100011 10000000 00000000 00000000 00000000 00000000 00000000 00000000 00000100 00001000 00000000 
00000100 00000000 00010100 00000000 00000000 00000000 00000000 00000101 00000000 00000000 00000000 00000000 00000000 00000000 00000000 00011010 00000000 00000010 00000000 00000000 00000000 00000000 00010000 00000000 00000000 00000000 01000000 01000000 00000000 10001000 00000000 00000000 01100101 00000000 00000000 00000000 00000000 00000000 00000000 00000000 00101100 00000000 00000000 00000000 00000000 00100000 00000000 00000000 00010010 00000000 10000001 00101000 00000000 00000000 00000010 00001000 00000000 00000000 00100000 00000000 00000000 00000000 00000000 00000000 
10000000 00000000 00010000 00000000 01000100 00000000 00000100 01000000 00001000 00000000 00000000 01000000 00000000 00000001 00000000 11000000 00000100 00000000 00000000 00000000 00000000 01000000 01000000 00000000 00000000 00000000 00000000 00000100 00000000 00000000 00000000 00000000 00000100 00000001 00000001 00000000 10001000 00000000 00000000 00000000 00011010 00010000 00000000 00100000 00000100 00000000 00100000 00000000 00000000 00001111 01000000 00111010 01000000 00000000 00000000 00001011 00100000 10000001 10101011 00000000 00000000 00000000 10000000 00000000 
00000000 00000000 01010000 00000000 00000101 00000100 00000000 00000000 00000000 10010000 01000000 00001000 01001100 00000000 00000000 00000001 00000000 00001000 00000000 00000000 00000000 00000000 00000000 00000000 00000000 00000100 00100000 00000000 00000000 00001001 00000101 00001000 00000000 00000000 00000000 01000001 00000000 00000000 00000000 00000000 00000000 00000000 00000000 00000000 00000000 10000000 00000000 00000000 00000000 00000000 00110000 00010000 00000000 00000000 00010010 00000000 00000000 00100100 00000000 00000000 00100000 00000000 00011100 00000000 
00001000 00000000 00101000 00110000 00000000 00000000 00000000 00001000 00010000 00000000 10000000 00000000 00000000 00000000 00000000 00100000 00000000 00000001 00100000 00000000 00000000 00000000 00100000 00000000 00000000 00000000 10110101 00101000 00000000 00001001 00100100 00100000 00000000 00000000 00000000 00000000 00000000 00000001 00000000 00000000 00000000 00000000 00000000 00010000 00100001 00000000 00000000 00000000 00111001 00111110 10000000 10000000 00000000 00011010 00000000 10000000 00000000 00000000 00000101 00000001 00000000 00000000 00000000 00000000 
00000010 00000000 00100000 01000000 00000000 00100000 00010000 00000100 00000000 00010000 00000100 01011110 00101110 01000000 00000000 00000000 00000000 00000000 00000000 00000000 00000000 10000010 00000000 00000000 00000000 00000000 00000000 10000100 00000100 00000000 00000000 00000000 00000000 00000011 00000000 00001000 00011000 00000000 00000000 00000000 00000000 00000001 00000000 00001010 01011100 00000000 00000000 00000100 00010001 11101011 00000000 00001011 00100100 11001001 00000000 00010100 00000000 11010000 00000000 00000000 00000000 00000000 00000000 00000000 
00010100 00000000 10000000 00000000 00000000 00000000 00000000 00000001 00000000 00000000 00000000 00000000 00100000 01010100 00000000 00000000 00000000 00000010 00000000 00000000 00000000 00000000 00000000 00000000 00001000 00000000 00000000 00000000 00000000 00000000 00000000 00001000 00000000 00000000 00000000 00001000 01000000 00000000 00000000 01000101 00000000 11010000 00000000 00000000 00000000 00000000 01000000 10000000 00001001 00000000 00000000 01000000 00000000 00001010 00000000 00000000 00000000 00000000 00000000 00010010 00000000 00000000 00000000 00001000 
00101100 00000000 00000001 00001110 01010000 01000010 10100001 01010110 00000000 00000000 01001110 00000000 00000000 00000000 00110000 00000000 10000000 00000000 00000000 00000000 00000000 00010100 00000000 00000000 00100000 00000000 00010001 00000000 00000000 00000000 01001100 00000000 00000000 00000000 00110000 00000000 00110100 10010000 00000000 00000000 00000000 00000010 00000000 00000000 00000000 00000000 00000000 00000000 00000000 00000010 01000000 00100001 00010000 00000000 00100000 00000000 00000000 00000000 00100001 00000000 00000000 00000000 00000000 10000000 
00000000 00000000 01000001 00000000 00001000 01000000 00000010 00000000 00000000 00000000 01000000 01000001 00000000 00000100 00000000 00010000 00000000 10000000 00000000 10000000 00100000 00010010 00000000 00000000 00000000 00000100 00000000 01001000 00000000 10000000 00000010 00000000 00000000 00000000 00000010 00000000 00001000 00000000 10000000 00000000 01011000 00000000 00000000 00000000 00010001 00000011 00000000 00000000 00000000 00000010 00000000 01010100 00000000 00010001 10000100 00000000 00000000 01000000 10010000 00011100 01000000 00000000 00000000 00011000 
00000000 00000000 00001010 10100000 00000000 01010010 00000000 00000000 00000000 00000100 10000000 00000001 00000000 00000000 00000000 00000000 00000000 00010010 00000000 00000000 00000000 01000001 00000000 00000000 00000000 00000000 00110000 00000000 00001000 00000000 00000000 00100001 01010100 00000000 00000000 10000000 00000000 00000000 00000000 00001000 00000000 00010000 00000000 00000000 00010000 01001010 00000000 00000000 00000000 01000010 00001000 10000000 00000000 00000000 01000000 00000000 00000000 01000000 01011001 00110000 00000000 00000000 00000000 00100000 
01001100 00000000 00010100 00000000 00000000 00000000 00010000 00100000 00000000 00000000 00000010 00010000 00000000 00000000 00000000 00000000 00001010 00000000 00000000 00000000 00000000 00000000 10000000 00000000 00000000 00000000 00010000 00100000 00000000 00000000 00001000 01000000 00011000 00000000 10110000 00100010 00010000 00000000 00000000 00010000 00000000 00000010 00010100 00000000 00000001 00110001 00000000 00000000 00010000 01001000 00000000 00000000 00000000 00000000 00000011 00100000 00000000 00000000 00000000 01000000 00000000 00000010 00000000 00000000 
00000000 00000000 00001000 00010000 00000000 00011000 00000000 00000000 00000000 00000000 00001100 00000000 00000000 00000000 00000000 00100000 00000000 00000000 00000000 00000000 00000000 01000000 00000000 00000000 00000000 00000000 00000000 00000000 00010000 00000000 00000000 10001010 00000000 00000000 00000000 00001000 00110000 00100000 00000000 00000000 11100000 00000000 00000000 00000000 00000000 00011100 00000000 00000000 00001001 11111110 01000100 00000100 00000000 00000000 00000000 01000000 00000000 00100000 00000100 00000000 10000001 00000000 00000000 00010000 
00000000 00000111 00000001 10000000 00000000 00000000 00000000 00000000 00000000 00000000 00000000 00000000 00000010 00000000 00001000 10000000 00000000 00000000 00000000 00000000 00000000 00000000 00000000 00000000 00000000 00000000 11000110 11000000 10000000 00000000 00000001 10000000 00100000 00000000 00010000 00000000 00110000 00000000 00000000 00000000 00000000 00000010 01000000 00000000 00000000 00000000 00000000 01000010 00000000 00010100 01000011 00010000 00000000 00000000 10000000 00000000 00000000 00000000 00000000 00000000 00000010 00000000 00000000 00000010 
00100010 00000000 00001010 00000100 00000000 00000000 00000000 00000000 00000000 00000000 00000000 11011000 00000001 00000001 00001101 00000000 00000000 00000010 01000010 00000000 01000000 00000000 00000100 00000000 00000000 00000000 00001000 00000000 00000000 00001000 00000000 00000000 00000000 00000000 00000000 00000000 10100110 00000000 00000000 00000001 00000000 00000000 00001000 00000000 00000000 10111011 00000000 00000000 01000000 01001010 00000000 00100000 00000000 00000000 00100000 00010000 00000000 11001000 00101000 00000111 00000000 00110000 11010001 10001000 
10000000 00000000 00100111 00000101 00100100 00000000 00000000 00000010 00000000 00000000 10000000 00000001 00000000 00000000 00000000 00100001 00000000 00010001 00000000 00000000 00000000 00000000 00000000 00000000 00000000 00000000 10000000 11000010 00000000 00000000 00101000 00000000 00001000 00000000 00000000 10011100 01100000 01000000 00000100 00000000 00000000 00000000 00000000 00000000 10000000 10000000 00000010 00000000 00000000 10000100 00000000 00000010 00100100 00000000 01010000 00000000 00000110 00000000 00000000 00000000 10000000 00000000 01000000 00000001 
00000000 00000000 00000000 00000100 00000000 00000000 10000011 00000000 00000000 00000000 00000000 00001100 00000000 00000000 00000000 00011010 00000000 00000000 00000000 00000000 00000000 00000000 00011010 00000000 00000000 01100000 01000000 11001001 00000100 00000000 01101010 00000000 00000000 00000000 01000000 10000010 10101000 01100110 00001000 00000000 00000000 00100000 00000000 00000000 00000000 01100000 00000000 00000000 00000000 00000000 00000000 01100110 00000000 00000000 01000000 00000100 00000000 00000000 00000000 00000000 00000000 00000000 00000001 00000000 
00000000 00000000 00010001 00000000 00000000 00000000 00000000 00000100 00000000 00000000 01001111 00000000 00010100 10000000 00000000 00000000 00000000 00000001 00000001 00000000 00000000 00000000 00000000 00001000 00010000 00000000 00000000 00000000 00000000 00011000 00000000 00000001 00000000 00000000 00000000 00000101 00000000 10000000 00000000 11000000 00100010 00000000 00000000 00000000 01000000 00000000 00000000 00000000 00000100 01100000 00001000 00000100 00000000 00000000 00010001 00000000 00000000 00010000 01100000 10000000 01000000 00000000 00000001 00001010 
00110100 00000000 00100000 00000000 01000000 00000000 00000000 10000000 00000000 00000000 01000010 11100001 00000000 00000000 00000000 00000000 00000100 00000100 00001000 00000000 00010001 00000000 00000000 00000000 00100000 00000010 00000010 10001000 00000000 01111000 00001000 00000000 00000000 00100000 10000000 00000010 01101111 00000000 10000000 00000000 00000000 00000000 00000000 00000000 00000000 00000000 00000100 00000010 01001110 01101000 00000000 00000000 00000000 00000001 11100000 01100000 00000000 00000000 10101110 00000000 00000000 00000000 01000000 00000001 
00000000 00000000 00100000 00000000 00000000 00000100 00000000 00000000 00000000 00000000 01000001 00010011 00000000 00000000 00000000 00000000 00000000 00000000 00000000 00000000 00001000 00001000 00000000 00000000 00000000 00000001 00000100 00000000 00001000 00001000 00000000 00000000 00001000 00000000 00000000 01100010 00000000 00010010 00000000 00100000 01100000 00000000 00000000 00000000 00000000 10110000 00000000 00000000 01010000 00011110 00000001 00001000 10000000 11000000 00000000 11110000 00000000 00001000 00001001 00000000 00000000 00000000 00000000 00000000 
10000100 00000000 00110001 00000000 00000000 00000000 00000000 00000000 00000000 00000000 10010000 10000000 00000000 00000000 00000000 00100000 00000000 00010001 00000010 00000000 00111001 00000000 10000000 00000000 10100100 00000000 00000000 00010000 00000000 00011001 00001110 01000000 01100000 10000000 00000001 00000000 00010000 00000100 00000000 00000000 00000000 00100000 00000000 00000000 00000000 00000000 00000010 00000000 01101001 01010011 00000000 00000000 00000000 01001000 00010000 00110000 00000000 00000000 00000000 00000000 00000000 00000000 00000000 01000000 
00000100 00000000 00100000 00000000 00000000 00000000 00000000 00000000 00000000 00000000 00000100 10000001 00000000 00000000 00010000 00000000 00000000 00000000 00011010 00000000 00000000 10000001 00000000 00000000 00000000 00000000 00000000 00000000 00000001 10000000 00000000 00000000 00001011 00000000 01100001 00000000 00000000 11010000 00000000 00000000 00000000 00001000 01000000 00100000 00000000 00000000 00101000 00011000 00100010 00001110 00000000 00000000 00000000 00000000 01000010 00000000 00000000 01011000 00000000 01001000 00000100 00000000 00000000 10000000 
00000000 11001100 00000001 00000010 00000000 00000000 00000000 00000001 00000000 00000010 00000001 01000101 00000000 01000000 00001010 00101000 00000000 00000000 00000000 00000000 00000000 00000001 00000000 00000000 00000000 00000000 10000000 00000000 00000000 00001000 00000010 00000000 10001010 01000010 00000000 00000000 10000010 10000000 00000000 00000010 00000001 10000000 00000000 00000000 00000000 00000000 00000000 00000000 00100001 10100000 01000000 00000010 00000000 00100000 00000000 01000000 00000000 00000000 00001000 00000000 00000010 00000000 00000001 00010000 
00110000 00000000 00000000 00000000 00000100 00000000 00000000 00000010 00000100 00000010 10010010 00100100 01001001 00000000 00000000 00000001 00000000 00000000 00000000 00000000 00000000 00000000 00010010 00000011 00000000 00000000 00110000 00000000 00000000 00100100 00000000 00010000 00000100 00000000 01000000 00100001 01111100 00000100 00000100 00000000 00000000 00000000 00100000 00000000 00000000 10010000 00000000 00000000 00000000 00000000 00100100 00001010 00010000 11000000 00000000 00000010 00000000 00001100 00000010 00000000 00000000 10010000 00001000 00000010 
00100000 10000000 00000000 00000000 00000000 00000000 00000000 00000000 00000000 00000000 00100100 10110001 00000000 00000000 00000000 00010011 00000000 00110000 00010000 00000100 00000000 00000011 00000100 00000010 00000000 00000000 00000000 01010000 00000000 00000000 00000000 00000000 00000000 00000000 10000000 00000000 00000000 00000000 00000000 00000000 00000000 00000000 00000000 00100000 00000000 10000101 00000000 00000000 00100011 10110101 00000000 00000000 00000000 00000000 00001110 00100000 01000000 00000000 00000000 00000000 00000010 00000000 00000000 01001010 
00000011 00000000 00000001 00000100 00000010 00000000 00010000 00000000 00000000 00000000 00000000 01101101 00000000 00000000 00000000 10111000 00000000 00000000 10001000 00000000 00000000 00000000 10000001 00000000 10001001 00000000 00000000 00000000 00000000 10000001 01000000 00000000 00000100 00001000 00000000 00000000 01100100 00000000 00000000 00010011 00000000 00000000 00000000 00000000 00000010 01100001 00000000 00000000 00100000 01100100 00101100 01000001 00000000 00000000 01000000 00101000 00000000 01010000 00011000 00010100 00000000 00100001 00000000 00000001 
11000000 00100000 01000000 01110000 00000000 00000000 00000000 00000000 00000000 00000000 10000000 00100000 00000000 00000001 00000000 01100010 00000000 00000100 00100000 00000000 00000000 00000000 01000000 00000000 01000001 00000000 00010100 00001000 00000000 00000000 01000100 00000000 10000000 00000000 01000001 00000100 10001000 00001100 00000001 00000000 00110100 00001000 00000000 00100000 00000000 01100000 00000000 00000000 00000000 00000000 00000000 10000000 00101010 00000000 01011010 00000001 00000000 00000000 01000000 00000000 00000000 11000010 00000000 00000000 
00000000 00010000 00000000 00000000 00000000 00000000 00000000 00000000 00000000 00010000 10000100 00100000 00100000 00100000 00000000 00000000 00000000 00000000 10000000 00100000 00010000 00000000 00000000 00000000 00000001 00000000 00000000 10111110 00000000 00000000 01100000 00000000 00000000 00000000 00000000 00010000 00010000 00000000 00000000 00000000 00100000 00000000 00000000 00000000 00000000 00100000 00000000 00000000 00000000 00000000 10000000 00000101 00100000 00000000 00100000 00000000 00000000 00000100 11100010 00000000 00000000 00000000 10000000 00000000 
00010000 00000000 00000000 00000101 10000000 00000000 00000000 00000000 00000000 00000000 00000010 11000000 00001100 00000000 00000000 00000000 00000000 00000000 00000000 00000000 00000000 00001000 00000000 00000000 00000000 00000000 00001101 01101000 00000000 00000000 01101000 00000000 00001100 00000000 00000000 10100010 00000000 00000000 00000000 00000000 00000000 00000100 00000000 00010100 00000000 10000000 01000000 00000000 00000000 11010001 10000000 00000000 00000000 01000010 00000000 00000000 00000000 00000000 00110000 10000010 00000000 01000000 00000000 00001000 
00000000 00000000 01001001 10001001 00000000 00000000 00001000 00000000 00000000 00100100 00010000 01011110 00000000 00010000 00000100 00000000 00000000 10001101 00000000 00000000 00000001 00000000 00000000 00000000 00000000 00000000 00000000 00001000 00000010 00000100 01000000 00000000 00000000 00001000 00000000 00000000 01000000 00000000 00000000 00010000 00111000 00000101 00000000 00000001 00000001 10000000 00000000 00000000 00100101 01000110 00000000 00000000 00000011 00000000 00000000 00000000 00000000 00000100 01011011 00001001 00000000 00000000 00001000 00000000 
00000001 01000000 00001001 00000000 00000010 01100000 00011000 10000000 00000000 00000000 10000000 00010001 00001010 00000000 00010000 11110000 10000000 00000000 00000000 00000000 00000000 00000000 00100000 00000000 00000000 00000000 00101000 00001000 00000000 00000000 01000000 00000000 00000000 00000000 00000010 01001001 00010010 00000000 00000000 00000000 00000000 00000000 00000000 00000000 00000000 00011000 00000000 00000000 00000010 10010111 00100000 00000011 00000000 00000000 00100000 00000000 00000000 00011100 00000000 10100010 00000000 00000101 00000010 01000000 
00000011 00000000 00000000 00000000 00010000 00000000 00000000 00000000 01000000 00000000 00000010 01000010 00000010 01000000 00000000 01000000 00000100 00000000 00000000 00000000 00000000 00000000 01000000 00000000 10000000 00000000 01000000 01000001 00000000 00001001 00010000 00000010 00000000 00000000 00000000 00100000 00110000 00100100 00000001 00100000 00000010 00000000 00000001 00000000 00000000 00011111 00000000 00000000 00000000 01000000 01000000 00000000 00000000 00000000 00100000 00000000 00000000 00000001 01000000 00000000 00000000 00000000 00000010 00011000 
00000000 00000000 00000000 00000000 00000000 00000000 00000000 00000000 00000000 00000000 00000000 00000000 00000000 00000011 00001011 00000000 00000000 00000000 00100000 00000000 00000001 00000000 00000000 00000000 01000000 00000000 00100000 00010000 00000000 00000000 00001100 10000100 00000000 01000000 01100000 00000000 00000000 00000000 00000000 00000000 11010000 00000000 00000000 00000000 00000000 00111010 00000000 00000000 00000000 10101101 00000000 00000000 00000000 00000000 00001001 00000000 00000000 01110000 00000000 01001000 00000000 00000000 00001000 00001000 
00000000 00000000 00000000 10000000 10000100 00000000 11000000 00000000 00000000 00000000 01010101 00000000 00010000 00000000 00000000 00100000 00000000 00000000 00010000 00000000 00000000 00000001 00000000 00000000 00000000 00000000 00000001 01000000 00000000 00000010 01000000 10000001 00000000 00000000 00001100 00000000 00000000 00000000 00000000 00001000 10010000 01000101 00000000 00000000 00000000 00110100 01000000 00000000 01000000 00010010 00001110 00000000 00000000 00001000 01110001 00000100 00000000 00000000 10000000 00000000 00000000 00001001 00000000 00100000 
00000000 00000000 01000000 00100000 00000011 00000000 00100010 10000000 00100000 00000000 00011110 00000000 00000000 00000100 00000000 00000100 00001000 01010000 00000000 00000000 00000000 00000000 00000000 00000000 00001000 00000000 00001100 00000000 00000001 01100000 00000000 00000101 00000011 00000000 00011000 11001001 00000000 00000000 00010000 00000000 00000000 00000110 00000000 00000000 00000000 00000000 00000000 00001000 00000000 00001101 00000000 00000000 00000000 00000000 00000000 00000000 00000000 00000010 10001001 00001001 00000000 01000001 00000000 00000000 
01000111 00000000 00000000 00000000 00000000 00000000 00000000 00001100 00000000 00000000 00000000 10001000 00000000 00000000 00000000 01000011 00000000 00000000 00000000 00000000 00000000 00000000 00000000 00000000 00000000 00000000 00000100 01010100 00000000 00100100 01111110 00000000 00000000 00000000 00000010 00000000 00000010 00000000 10100000 00000010 00010000 00000000 00000000 00000000 00001000 00000000 00000000 00000000 00110000 10000010 00000100 00010000 00000000 00100000 00000000 00101000 00000000 00000000 01001011 00000000 00000000 00010001 00000000 00000000 
00000000 00000000 00111000 00000000 00100000 00000000 00000000 00000100 00000000 00001000 00100000 00100010 00100000 00000000 00010000 00011011 00001000 00000000 00010000 00000000 00000000 10000000 00000000 00000000 00000000 00000000 00010000 00000111 00000000 00000001 00000000 00000000 00001001 00000000 00000000 00000000 00000000 00000000 00000000 10000010 00000000 00001010 00000000 00000000 00000000 01000100 00000000 00000001 01010000 01110000 01110000 10100000 00000100 01000000 00010111 00000000 00000000 10000010 00011000 10000000 00100100 01000000 00000000 10000000 
00001000 00000000 00101100 11000000 00000000 00000000 00000001 00000000 00100000 00000000 01000000 00000101 00000000 00000000 01000000 00000000 00000000 00000000 01000000 00000000 00000000 10000000 00000000 00000000 00000000 00000000 01000100 00011000 00001000 00011101 00000000 00000000 00000000 00000000 00000010 11100000 00100000 00000000 00000000 00000000 00010000 00000000 00000000 00000000 11000010 00000000 00000000 00000000 00000000 01000100 00000000 10000100 10010110 00000110 00000000 01000000 00000000 00100000 00000000 00000001 00000010 00000000 00000000 01000101 
01000001 00000000 01100110 00000010 01000001 00000000 00000000 00000000 00000000 00000000 00000000 00110000 00000000 00000100 00101100 01001101 00000000 00000000 10000000 00000000 00000000 00001001 00000000 00000000 00000000 00000000 11000000 00100000 00000000 00100101 00001000 01010010 00000000 00100010 00010000 00000000 00100011 00000000 00000000 01000000 00000000 00001000 00000000 00000000 00000000 01000001 00000000 00000000 00000000 00000000 00000000 00110110 00000000 00000000 00000000 00001100 00000000 00100000 00000010 00000000 00000000 00000000 00000000 00000000 
00000010 00000000 00000001 00000000 00000001 00000000 00000000 00000000 00001000 00000000 00000000 00000010 00000000 00000000 01010000 01111000 00000000 00010000 00110000 00000000 01001001 00000000 00000000 00000000 10010001 00000000 00000101 00000100 00000000 00101111 00000000 00000000 00000000 00000000 00010000 00000000 00000000 00000000 00000000 00000000 00000000 00000000 00000000 00000000 00000000 00000100 00001000 01010000 00000000 00101110 00000000 00000000 00000000 01000000 01000000 00000000 00000000 00010000 10000000 01001000 00000000 00000000 00000000 00000000 

